"Date","Price","Open","High","Low","Vol.","Change %"
"Mar 31, 2022","0.04980","0.04870","0.05310","0.04840","5.73M","2.26%"
"Mar 30, 2022","0.04870","0.04700","0.05480","0.04700","7.09M","3.62%"
"Mar 29, 2022","0.04700","0.04440","0.04800","0.04300","4.14M","5.86%"
"Mar 28, 2022","0.04440","0.04330","0.04580","0.04280","3.54M","2.54%"
"Mar 27, 2022","0.04330","0.04270","0.04380","0.04220","2.40M","1.64%"
"Mar 26, 2022","0.04260","0.04240","0.04360","0.04180","2.55M","0.47%"
"Mar 25, 2022","0.04240","0.04110","0.04740","0.04050","5.38M","3.16%"
"Mar 24, 2022","0.04110","0.04060","0.04120","0.03990","2.38M","1.23%"
"Mar 23, 2022","0.04060","0.04050","0.04170","0.03980","2.00M","0.25%"
"Mar 22, 2022","0.04050","0.03870","0.04170","0.03860","3.53M","4.65%"
"Mar 21, 2022","0.03870","0.04040","0.04080","0.03870","3.79M","-4.21%"
"Mar 20, 2022","0.04040","0.04130","0.04140","0.03990","2.34M","-2.18%"
"Mar 19, 2022","0.04130","0.04130","0.04210","0.04060","2.60M","0.00%"
"Mar 18, 2022","0.04130","0.04060","0.04170","0.03970","3.60M","1.72%"
"Mar 17, 2022","0.04060","0.04130","0.04240","0.04020","4.20M","-1.46%"
"Mar 16, 2022","0.04120","0.04470","0.04520","0.03960","10.86M","-7.83%"
"Mar 15, 2022","0.04470","0.04020","0.04980","0.03790","23.47M","11.19%"
"Mar 14, 2022","0.04020","0.04140","0.04450","0.03890","13.97M","-2.66%"
"Mar 13, 2022","0.04130","0.04760","0.04960","0.04050","25.42M","-13.05%"
"Mar 12, 2022","0.04750","0.04310","0.06890","0.04280","72.52M","10.21%"
"Mar 11, 2022","0.04310","0.03660","0.05210","0.03450","20.40M","17.76%"
"Mar 10, 2022","0.03660","0.03900","0.03910","0.03520","6.53M","-6.15%"
"Mar 09, 2022","0.03900","0.03830","0.04110","0.03780","7.19M","1.83%"
"Mar 08, 2022","0.03830","0.04040","0.04100","0.03820","7.74M","-4.96%"
"Mar 07, 2022","0.04030","0.04480","0.04540","0.04020","5.90M","-10.04%"
"Mar 06, 2022","0.04480","0.04660","0.04840","0.04440","3.19M","-3.86%"
"Mar 05, 2022","0.04660","0.04650","0.04910","0.04600","3.47M","0.22%"
"Mar 04, 2022","0.04650","0.05150","0.05500","0.04510","11.88M","-9.71%"
"Mar 03, 2022","0.05150","0.05250","0.05600","0.05070","9.42M","-1.90%"
"Mar 02, 2022","0.05250","0.05230","0.05650","0.05100","4.93M","0.38%"
"Mar 01, 2022","0.05230","0.05310","0.05460","0.05110","4.67M","-1.51%"
"Feb 28, 2022","0.05310","0.04950","0.05630","0.04890","9.53M","7.27%"
"Feb 27, 2022","0.04950","0.05010","0.05990","0.04780","12.57M","-4.44%"
"Feb 25, 2022","0.05180","0.05020","0.05190","0.04950","18.54M","3.19%"
"Feb 24, 2022","0.05020","0.05970","0.06060","0.04410","19.09M","-15.91%"
"Feb 23, 2022","0.05970","0.06660","0.06880","0.05810","16.99M","-10.49%"
"Feb 22, 2022","0.06670","0.10190","0.10270","0.06010","41.25M","-34.48%"
"Feb 21, 2022","0.10180","0.10400","0.10780","0.10130","5.36M","-2.21%"
"Feb 20, 2022","0.10410","0.10840","0.11030","0.10380","3.64M","-4.14%"
"Feb 19, 2022","0.10860","0.11490","0.11540","0.10660","4.18M","-5.40%"
"Feb 18, 2022","0.11480","0.10850","0.12700","0.10800","7.40M","5.71%"
"Feb 17, 2022","0.10860","0.11380","0.11540","0.10820","5.78M","-4.57%"
"Feb 16, 2022","0.11380","0.12200","0.12210","0.11260","4.42M","-6.72%"
"Feb 15, 2022","0.12200","0.13130","0.13520","0.11900","8.51M","-7.08%"
"Feb 14, 2022","0.13130","0.10690","0.15390","0.10430","14.41M","22.83%"
"Feb 13, 2022","0.10690","0.11770","0.11850","0.09430","5.05M","-9.18%"
"Feb 12, 2022","0.11770","0.12150","0.12190","0.11300","3.76M","-3.21%"
"Feb 11, 2022","0.12160","0.13050","0.13050","0.12140","3.58M","-6.82%"
"Feb 10, 2022","0.13050","0.13240","0.13400","0.12810","4.33M","-1.44%"
"Feb 09, 2022","0.13240","0.13150","0.13380","0.12830","4.00M","0.68%"
"Feb 08, 2022","0.13150","0.13560","0.13720","0.12790","3.87M","-3.02%"
"Feb 07, 2022","0.13560","0.14530","0.14580","0.12940","6.87M","-7.12%"
"Feb 06, 2022","0.14600","0.13120","0.14740","0.12670","5.96M","11.20%"
"Feb 05, 2022","0.13130","0.12180","0.16100","0.11890","9.45M","7.89%"
"Feb 04, 2022","0.12170","0.11280","0.12200","0.11080","4.66M","7.79%"
"Feb 03, 2022","0.11290","0.11650","0.11770","0.10780","6.04M","-3.17%"
"Feb 02, 2022","0.11660","0.11680","0.11830","0.11180","5.51M","-0.09%"
"Feb 01, 2022","0.11670","0.11750","0.11890","0.10940","3.72M","-0.68%"
"Jan 31, 2022","0.11750","0.11820","0.12020","0.11440","5.61M","-0.59%"
"Jan 30, 2022","0.11820","0.11680","0.12130","0.11140","5.07M","1.03%"
"Jan 29, 2022","0.11700","0.11110","0.11900","0.10880","4.94M","5.31%"
"Jan 28, 2022","0.11110","0.11580","0.11630","0.11010","3.21M","-4.31%"
"Jan 27, 2022","0.11610","0.12230","0.12250","0.11000","4.90M","-5.07%"
"Jan 26, 2022","0.12230","0.12160","0.12760","0.11870","6.96M","0.58%"
"Jan 25, 2022","0.12160","0.13720","0.13770","0.11760","6.85M","-11.31%"
"Jan 24, 2022","0.13710","0.14140","0.14160","0.12890","6.06M","-3.18%"
"Jan 23, 2022","0.14160","0.13620","0.14300","0.13570","3.96M","3.89%"
"Jan 22, 2022","0.13630","0.14630","0.15550","0.13310","6.59M","-6.84%"
"Jan 21, 2022","0.14630","0.15810","0.16220","0.14510","4.10M","-7.41%"
"Jan 20, 2022","0.15800","0.17020","0.17190","0.14980","5.46M","-7.33%"
"Jan 19, 2022","0.17050","0.17470","0.17470","0.16320","3.95M","-2.40%"
"Jan 18, 2022","0.17470","0.16480","0.17670","0.15930","4.55M","5.81%"
"Jan 17, 2022","0.16510","0.16730","0.16840","0.16320","4.58M","-1.26%"
"Jan 16, 2022","0.16720","0.17190","0.17790","0.16450","5.28M","-2.73%"
"Jan 15, 2022","0.17190","0.16980","0.17350","0.16810","4.05M","1.18%"
"Jan 14, 2022","0.16990","0.16630","0.17190","0.16550","4.49M","2.04%"
"Jan 13, 2022","0.16650","0.16880","0.16970","0.16400","3.72M","-1.36%"
"Jan 12, 2022","0.16880","0.15900","0.17490","0.15820","5.00M","6.16%"
"Jan 11, 2022","0.15900","0.15610","0.16290","0.15520","5.12M","1.73%"
"Jan 10, 2022","0.15630","0.15970","0.16150","0.15310","4.52M","-2.07%"
"Jan 09, 2022","0.15960","0.16270","0.16280","0.15510","5.20M","-1.91%"
"Jan 08, 2022","0.16270","0.16530","0.16840","0.15890","4.20M","-1.51%"
"Jan 07, 2022","0.16520","0.17020","0.17380","0.16520","4.52M","-3.34%"
"Jan 06, 2022","0.17090","0.18630","0.19800","0.17040","9.49M","-8.02%"
"Jan 05, 2022","0.18580","0.17300","0.18840","0.16800","8.60M","7.21%"
"Jan 04, 2022","0.17330","0.17680","0.18090","0.17300","5.37M","-1.70%"
"Jan 03, 2022","0.17630","0.18450","0.18520","0.17500","4.35M","-4.65%"
"Jan 02, 2022","0.18490","0.18600","0.19000","0.18410","4.41M","-0.70%"
"Jan 01, 2022","0.18620","0.17960","0.18650","0.17610","4.57M","3.62%"
"Dec 31, 2021","0.17970","0.17830","0.18990","0.17080","6.16M","0.79%"
"Dec 30, 2021","0.17830","0.17160","0.18390","0.16440","7.21M","3.90%"
"Dec 29, 2021","0.17160","0.20070","0.22230","0.17120","10.22M","-14.46%"
"Dec 28, 2021","0.20060","0.22540","0.22560","0.20010","5.93M","-11.00%"
"Dec 27, 2021","0.22540","0.24430","0.24620","0.22530","6.94M","-7.92%"
"Dec 26, 2021","0.24480","0.25240","0.27500","0.22810","13.34M","-2.93%"
"Dec 25, 2021","0.25220","0.20750","0.27200","0.20370","12.96M","21.78%"
"Dec 24, 2021","0.20710","0.20650","0.21750","0.20200","6.79M","0.29%"
"Dec 23, 2021","0.20650","0.21010","0.21130","0.20060","6.79M","-1.81%"
"Dec 22, 2021","0.21030","0.22200","0.22330","0.20970","7.51M","-5.27%"
"Dec 21, 2021","0.22200","0.24530","0.25090","0.21930","10.89M","-9.61%"
"Dec 20, 2021","0.24560","0.24760","0.27000","0.21160","24.44M","-0.77%"
"Dec 19, 2021","0.24750","0.17940","0.29000","0.17620","39.61M","37.73%"
"Dec 18, 2021","0.17970","0.17240","0.19670","0.16840","10.25M","4.23%"
"Dec 17, 2021","0.17240","0.17080","0.20840","0.16760","14.75M","1.17%"
"Dec 16, 2021","0.17040","0.16070","0.17750","0.16010","6.41M","6.10%"
"Dec 15, 2021","0.16060","0.15840","0.16400","0.15360","5.39M","1.39%"
"Dec 14, 2021","0.15840","0.14950","0.16890","0.14780","9.47M","5.95%"
"Dec 13, 2021","0.14950","0.16210","0.16410","0.14640","7.77M","-7.89%"
"Dec 12, 2021","0.16230","0.16650","0.17190","0.15760","5.20M","-2.52%"
"Dec 11, 2021","0.16650","0.15870","0.17560","0.15310","7.73M","4.98%"
"Dec 10, 2021","0.15860","0.15890","0.18410","0.15320","9.89M","-0.50%"
"Dec 09, 2021","0.15940","0.17240","0.17270","0.15760","5.74M","-7.65%"
"Dec 08, 2021","0.17260","0.17540","0.19130","0.16060","9.17M","-1.65%"
"Dec 07, 2021","0.17550","0.18240","0.18750","0.17200","9.84M","-3.62%"
"Dec 06, 2021","0.18210","0.18900","0.20120","0.16030","14.11M","-3.65%"
"Dec 05, 2021","0.18900","0.20760","0.21590","0.18880","10.43M","-9.83%"
"Dec 04, 2021","0.20960","0.31240","0.35580","0.18610","28.07M","-32.89%"
"Dec 03, 2021","0.31230","0.17840","0.39800","0.17800","45.83M","75.06%"
"Dec 02, 2021","0.17840","0.15910","0.18110","0.15730","7.88M","12.13%"
"Dec 01, 2021","0.15910","0.16310","0.16410","0.15870","4.85M","-2.39%"
"Nov 30, 2021","0.16300","0.16580","0.16690","0.16080","4.88M","-1.81%"
"Nov 29, 2021","0.16600","0.15930","0.16700","0.15750","4.74M","4.08%"
"Nov 28, 2021","0.15950","0.15870","0.16130","0.15080","4.14M","0.57%"
"Nov 27, 2021","0.15860","0.15670","0.16720","0.15610","3.93M","1.28%"
"Nov 26, 2021","0.15660","0.16620","2.95600","0.14820","4.17M","-5.83%"
"Nov 25, 2021","0.16630","0.17620","0.17700","0.16340","5.43M","-5.73%"
"Nov 24, 2021","0.17640","0.17990","0.19650","0.17460","8.54M","-1.95%"
"Nov 23, 2021","0.17990","0.15880","0.18800","0.15830","8.93M","13.36%"
"Nov 22, 2021","0.15870","0.16530","0.17220","0.15560","5.61M","-4.11%"
"Nov 21, 2021","0.16550","0.15960","0.17300","0.15880","4.42M","3.70%"
"Nov 20, 2021","0.15960","0.15650","0.16690","0.15410","4.81M","1.98%"
"Nov 19, 2021","0.15650","0.15030","0.15860","0.14780","4.66M","3.99%"
"Nov 18, 2021","0.15050","0.15620","0.15990","0.14670","6.96M","-3.71%"
"Nov 17, 2021","0.15630","0.14980","0.18740","0.14800","9.24M","4.34%"
"Nov 16, 2021","0.14980","0.16130","0.16130","0.14700","4.19M","-7.07%"
"Nov 15, 2021","0.16120","0.15730","0.16620","0.15670","4.68M","2.41%"
"Nov 14, 2021","0.15740","0.15690","0.15960","0.15580","3.62M","0.19%"
"Nov 13, 2021","0.15710","0.15810","0.15920","0.15530","3.50M","-0.70%"
"Nov 12, 2021","0.15820","0.16270","0.16280","0.15510","3.18M","-2.71%"
"Nov 11, 2021","0.16260","0.16400","0.16670","0.16030","4.47M","-0.85%"
"Nov 10, 2021","0.16400","0.17470","0.17630","0.15940","5.97M","-6.12%"
"Nov 09, 2021","0.17470","0.17110","0.17850","0.17020","5.28M","1.93%"
"Nov 08, 2021","0.17140","0.16640","0.17310","0.16610","4.53M","2.94%"
"Nov 07, 2021","0.16650","0.16550","0.17200","0.16310","5.22M","0.60%"
"Nov 06, 2021","0.16550","0.17430","0.17720","0.15910","6.23M","-4.94%"
"Nov 05, 2021","0.17410","0.16660","0.17740","0.16400","5.98M","4.38%"
"Nov 04, 2021","0.16680","0.16190","0.16900","0.15740","4.13M","3.03%"
"Nov 03, 2021","0.16190","0.15520","0.16490","0.15520","4.26M","4.25%"
"Nov 02, 2021","0.15530","0.15670","0.16120","0.15390","3.80M","-0.89%"
"Nov 01, 2021","0.15670","0.16040","0.16080","0.15520","3.99M","-2.37%"
"Oct 31, 2021","0.16050","0.15700","0.16990","0.15530","6.44M","2.36%"
"Oct 30, 2021","0.15680","0.15900","0.16540","0.15540","5.70M","-1.38%"
"Oct 29, 2021","0.15900","0.15670","0.16270","0.15310","4.85M","1.34%"
"Oct 28, 2021","0.15690","0.15100","0.16260","0.14640","5.74M","4.11%"
"Oct 27, 2021","0.15070","0.15990","0.16640","0.14910","6.91M","-5.75%"
"Oct 26, 2021","0.15990","0.16550","0.16850","0.15920","3.81M","-3.38%"
"Oct 25, 2021","0.16550","0.16280","0.17020","0.15880","6.09M","1.60%"
"Oct 24, 2021","0.16290","0.16790","0.17330","0.15650","5.70M","-2.98%"
"Oct 23, 2021","0.16790","0.16090","0.17020","0.15660","5.39M","4.35%"
"Oct 22, 2021","0.16090","0.15420","0.17500","0.15320","7.85M","4.21%"
"Oct 21, 2021","0.15440","0.15340","0.17490","0.15010","6.48M","0.65%"
"Oct 20, 2021","0.15340","0.14660","0.15740","0.14410","3.99M","4.64%"
"Oct 19, 2021","0.14660","0.14650","0.15250","0.14470","3.78M","0.07%"
"Oct 18, 2021","0.14650","0.14950","0.15120","0.14490","4.11M","-2.01%"
"Oct 17, 2021","0.14950","0.14900","0.17070","0.14640","7.55M","0.13%"
"Oct 16, 2021","0.14930","0.14760","0.17180","0.14620","7.18M","1.08%"
"Oct 15, 2021","0.14770","0.14850","0.15600","0.14150","6.03M","-0.61%"
"Oct 14, 2021","0.14860","0.14780","0.15600","0.14460","5.45M","0.54%"
"Oct 13, 2021","0.14780","0.14160","0.14870","0.13860","4.56M","4.38%"
"Oct 12, 2021","0.14160","0.14450","0.14470","0.13710","4.96M","-1.80%"
"Oct 11, 2021","0.14420","0.14480","0.15030","0.14320","4.08M","-0.35%"
"Oct 10, 2021","0.14470","0.15970","0.15980","0.14450","4.27M","-9.39%"
"Oct 09, 2021","0.15970","0.14950","0.16100","0.14920","4.84M","6.82%"
"Oct 08, 2021","0.14950","0.14260","0.15690","0.14200","5.31M","4.77%"
"Oct 07, 2021","0.14270","0.14370","0.15050","0.14030","4.60M","-0.63%"
"Oct 06, 2021","0.14360","0.14350","0.15120","0.14000","5.89M","0.07%"
"Oct 05, 2021","0.14350","0.14680","0.15280","0.14050","7.51M","-2.25%"
"Oct 04, 2021","0.14680","0.13810","0.17650","0.13190","14.70M","6.30%"
"Oct 03, 2021","0.13810","0.13620","0.14200","0.13410","6.12M","1.40%"
"Oct 02, 2021","0.13620","0.13770","0.14350","0.13420","6.13M","-1.09%"
"Oct 01, 2021","0.13770","0.12970","0.13900","0.12920","7.10M","5.92%"
"Sep 30, 2021","0.13000","0.12730","0.13180","0.12540","7.61M","2.12%"
"Sep 29, 2021","0.12730","0.12480","0.12960","0.12300","8.11M","2.00%"
"Sep 28, 2021","0.12480","0.12920","0.13170","0.12370","6.95M","-3.41%"
"Sep 27, 2021","0.12920","0.12960","0.13410","0.12800","8.01M","-0.31%"
"Sep 26, 2021","0.12960","0.15360","0.15520","0.12770","11.07M","-15.79%"
"Sep 25, 2021","0.15390","0.13450","0.16980","0.12960","12.80M","14.34%"
"Sep 24, 2021","0.13460","0.14760","0.14970","0.12780","10.11M","-8.81%"
"Sep 23, 2021","0.14760","0.14710","0.15140","0.14250","7.45M","0.14%"
"Sep 22, 2021","0.14740","0.13650","0.14940","0.13530","6.98M","7.83%"
"Sep 21, 2021","0.13670","0.14090","0.15990","0.13540","9.65M","-3.05%"
"Sep 20, 2021","0.14100","0.15320","0.15400","0.13440","7.58M","-7.96%"
"Sep 19, 2021","0.15320","0.15580","0.18800","0.15250","7.79M","-1.67%"
"Sep 18, 2021","0.15580","0.16220","0.16990","0.15200","8.89M","-4.06%"
"Sep 17, 2021","0.16240","0.15280","0.18680","0.14780","10.78M","6.28%"
"Sep 16, 2021","0.15280","0.15360","0.15800","0.15110","8.06M","-0.71%"
"Sep 15, 2021","0.15390","0.15000","0.15740","0.14750","7.36M","2.67%"
"Sep 14, 2021","0.14990","0.14580","0.15240","0.14440","7.56M","2.81%"
"Sep 13, 2021","0.14580","0.15600","0.15680","0.13980","8.93M","-6.48%"
"Sep 12, 2021","0.15590","0.15310","0.15850","0.15100","8.13M","1.76%"
"Sep 11, 2021","0.15320","0.14910","0.15500","0.14360","7.61M","2.75%"
"Sep 10, 2021","0.14910","0.15830","0.16320","0.14760","7.94M","-5.87%"
"Sep 09, 2021","0.15840","0.15480","0.16230","0.14780","7.96M","2.33%"
"Sep 08, 2021","0.15480","0.15690","0.16160","0.13690","9.85M","-1.53%"
"Sep 07, 2021","0.15720","0.17770","0.18430","0.14300","8.52M","-11.64%"
"Sep 06, 2021","0.17790","0.17810","0.18330","0.17520","6.08M","-0.39%"
"Sep 05, 2021","0.17860","0.17120","0.18800","0.16970","6.47M","4.44%"
"Sep 04, 2021","0.17100","0.17100","0.17340","0.16780","6.41M","0.00%"
"Sep 03, 2021","0.17100","0.16340","0.18780","0.16040","7.66M","4.78%"
"Sep 02, 2021","0.16320","0.16370","0.16830","0.16120","5.20M","-0.31%"
"Sep 01, 2021","0.16370","0.16010","0.16410","0.15700","5.23M","2.25%"
"Aug 31, 2021","0.16010","0.16270","0.16580","0.15880","5.62M","-1.54%"
"Aug 30, 2021","0.16260","0.16480","0.17160","0.15800","5.90M","-1.51%"
"Aug 29, 2021","0.16510","0.16500","0.17000","0.16090","6.18M","0.06%"
"Aug 28, 2021","0.16500","0.17560","0.17610","0.16350","5.70M","-6.04%"
"Aug 27, 2021","0.17560","0.16700","0.17770","0.16230","6.27M","5.28%"
"Aug 26, 2021","0.16680","0.18310","0.18310","0.16320","7.40M","-8.90%"
"Aug 25, 2021","0.18310","0.17470","0.18380","0.17010","6.32M","4.75%"
"Aug 24, 2021","0.17480","0.17880","0.18390","0.17000","7.32M","-2.18%"
"Aug 23, 2021","0.17870","0.18140","0.18950","0.17680","6.26M","-1.49%"
"Aug 22, 2021","0.18140","0.19530","0.21880","0.17720","8.54M","-7.07%"
"Aug 21, 2021","0.19520","0.18510","0.22990","0.17750","15.48M","6.32%"
"Aug 20, 2021","0.18360","0.16410","0.18620","0.15850","10.05M","11.88%"
"Aug 19, 2021","0.16410","0.15840","0.16470","0.15160","7.08M","3.53%"
"Aug 18, 2021","0.15850","0.15150","0.17590","0.14740","9.42M","4.62%"
"Aug 17, 2021","0.15150","0.17090","0.17190","0.15040","8.01M","-11.40%"
"Aug 16, 2021","0.17100","0.17010","0.19190","0.16350","8.94M","0.53%"
"Aug 15, 2021","0.17010","0.17000","0.17020","0.15840","8.38M","0.29%"
"Aug 14, 2021","0.16960","0.16730","0.17700","0.15420","8.55M","1.31%"
"Aug 13, 2021","0.16740","0.15010","0.18170","0.14980","9.43M","11.38%"
"Aug 12, 2021","0.15030","0.15230","0.15360","0.14440","7.02M","-1.31%"
"Aug 11, 2021","0.15230","0.15390","0.15680","0.14420","6.64M","-1.04%"
"Aug 10, 2021","0.15390","0.16880","0.17960","0.15010","9.85M","-9.04%"
"Aug 09, 2021","0.16920","0.13420","0.19270","0.12950","12.31M","26.17%"
"Aug 08, 2021","0.13410","0.13990","0.14450","0.13190","8.20M","-4.28%"
"Aug 07, 2021","0.14010","0.13110","0.14290","0.12880","7.21M","6.86%"
"Aug 06, 2021","0.13110","0.12630","0.13400","0.12570","6.43M","3.88%"
"Aug 05, 2021","0.12620","0.12780","0.12810","0.12120","5.99M","-1.10%"
"Aug 04, 2021","0.12760","0.12580","0.13680","0.11850","6.41M","1.43%"
"Aug 03, 2021","0.12580","0.12690","0.12800","0.12370","5.14M","-0.87%"
"Aug 02, 2021","0.12690","0.12630","0.13810","0.12400","6.67M","0.55%"
"Aug 01, 2021","0.12620","0.12870","0.13400","0.12610","7.89M","-2.02%"
"Jul 31, 2021","0.12880","0.12610","0.13200","0.12410","5.79M","2.14%"
"Jul 30, 2021","0.12610","0.12510","0.12670","0.12180","4.50M","0.80%"
"Jul 29, 2021","0.12510","0.12510","0.12810","0.12320","5.32M","-0.16%"
"Jul 28, 2021","0.12530","0.12690","0.12980","0.12120","7.24M","-1.18%"
"Jul 27, 2021","0.12680","0.12280","0.12860","0.11940","7.90M","3.34%"
"Jul 26, 2021","0.12270","0.12060","0.13070","0.11930","9.37M","1.66%"
"Jul 25, 2021","0.12070","0.12080","0.12400","0.11870","8.62M","-7.23%"
"Jul 24, 2021","0.13010","0.12320","0.13580","0.12260","8.59M","6.29%"
"Jul 23, 2021","0.12240","0.12180","0.14480","0.12010","10.29M","0.58%"
"Jul 22, 2021","0.12170","0.12130","0.13070","0.12020","8.04M","0.25%"
"Jul 21, 2021","0.12140","0.09960","0.13950","0.09570","10.72M","21.89%"
"Jul 20, 2021","0.09960","0.10530","0.10760","0.09420","5.89M","-5.59%"
"Jul 19, 2021","0.10550","0.11970","0.12350","0.10260","6.53M","-12.08%"
"Jul 18, 2021","0.12000","0.11380","0.13070","0.11230","12.39M","5.36%"
"Jul 17, 2021","0.11390","0.11600","0.12030","0.11110","9.44M","-1.56%"
"Jul 16, 2021","0.11570","0.12250","0.12570","0.11450","9.32M","-6.09%"
"Jul 15, 2021","0.12320","0.12410","0.12740","0.11710","8.34M","-0.48%"
"Jul 14, 2021","0.12380","0.12960","0.13150","0.12190","8.63M","-4.48%"
"Jul 13, 2021","0.12960","0.12750","0.13600","0.12240","9.17M","1.73%"
"Jul 12, 2021","0.12740","0.13270","0.13450","0.12380","8.44M","-4.07%"
"Jul 11, 2021","0.13280","0.13040","0.13860","0.12620","7.72M","1.84%"
"Jul 10, 2021","0.13040","0.12420","0.14410","0.12230","10.99M","4.91%"
"Jul 09, 2021","0.12430","0.12120","0.12570","0.11890","7.44M","3.41%"
"Jul 08, 2021","0.12020","0.12840","0.12890","0.11920","8.57M","-6.24%"
"Jul 07, 2021","0.12820","0.12690","0.13100","0.12590","7.61M","2.07%"
"Jul 06, 2021","0.12560","0.12820","0.13220","0.12400","7.43M","-2.03%"
"Jul 05, 2021","0.12820","0.13040","0.13040","0.12600","7.25M","-1.91%"
"Jul 04, 2021","0.13070","0.13160","0.13280","0.13070","6.98M","0.15%"
"Jul 03, 2021","0.13050","0.12690","0.13050","0.12650","6.02M","2.76%"
"Jul 02, 2021","0.12700","0.12850","0.12850","0.12340","7.39M","-1.09%"
"Jul 01, 2021","0.12840","0.12870","0.13030","0.12610","6.73M","-0.08%"
"Jun 30, 2021","0.12850","0.13490","0.13500","0.12460","8.44M","-4.89%"
"Jun 29, 2021","0.13510","0.12770","0.13610","0.12770","8.58M","5.71%"
"Jun 28, 2021","0.12780","0.12910","0.12910","0.12520","7.89M","-0.85%"
"Jun 27, 2021","0.12890","0.11810","0.12890","0.11810","7.69M","8.96%"
"Jun 26, 2021","0.11830","0.11910","0.12150","0.10940","10.51M","-0.50%"
"Jun 25, 2021","0.11890","0.12600","0.12910","0.10960","11.35M","-5.56%"
"Jun 24, 2021","0.12590","0.12930","0.12930","0.11920","9.31M","-2.70%"
"Jun 23, 2021","0.12940","0.09990","0.12940","0.09990","16.76M","29.40%"
"Jun 22, 2021","0.10000","0.11390","0.11810","0.09920","12.44M","-12.20%"
"Jun 21, 2021","0.11390","0.14460","0.15000","0.11390","13.06M","-21.23%"
"Jun 20, 2021","0.14460","0.15280","0.15310","0.14420","8.19M","-5.49%"
"Jun 19, 2021","0.15300","0.14950","0.15300","0.14900","9.42M","2.41%"
"Jun 18, 2021","0.14940","0.15750","0.15870","0.14820","9.00M","-4.96%"
"Jun 17, 2021","0.15720","0.15650","0.16280","0.15560","8.60M","0.32%"
"Jun 16, 2021","0.15670","0.16070","0.16550","0.15640","8.63M","-2.55%"
"Jun 15, 2021","0.16080","0.16650","0.16670","0.16080","7.67M","-3.54%"
"Jun 14, 2021","0.16670","0.15970","0.17020","0.15860","8.14M","4.51%"
"Jun 13, 2021","0.15950","0.15700","0.16270","0.15700","9.17M","1.79%"
"Jun 12, 2021","0.15670","0.16730","0.16730","0.15620","8.68M","-6.45%"
"Jun 11, 2021","0.16750","0.17360","0.17360","0.16490","8.59M","-3.57%"
"Jun 10, 2021","0.17370","0.17820","0.17820","0.17370","7.53M","-2.42%"
"Jun 09, 2021","0.17800","0.17490","0.17920","0.17160","7.66M","1.42%"
"Jun 08, 2021","0.17550","0.17980","0.17980","0.16950","7.85M","-2.28%"
"Jun 07, 2021","0.17960","0.18480","0.19070","0.17960","6.66M","-2.71%"
"Jun 06, 2021","0.18460","0.18100","0.18740","0.18100","6.84M","2.21%"
"Jun 05, 2021","0.18060","0.18660","0.18830","0.18060","5.46M","-3.22%"
"Jun 04, 2021","0.18660","0.19110","0.19110","0.18080","5.55M","-2.15%"
"Jun 03, 2021","0.19070","0.19090","0.19240","0.18710","5.94M","-0.10%"
"Jun 02, 2021","0.19090","0.18030","0.19280","0.18030","7.95M","5.82%"
"Jun 01, 2021","0.18040","0.20070","0.20070","0.18040","7.72M","-10.16%"
"May 31, 2021","0.20080","0.18280","0.20240","0.17340","10.30M","9.79%"
"May 30, 2021","0.18290","0.17210","0.18410","0.16970","8.14M","6.15%"
"May 29, 2021","0.17230","0.17260","0.17600","0.17080","8.03M","-0.12%"
"May 28, 2021","0.17250","0.18730","0.18730","0.17210","9.02M","-7.90%"
"May 27, 2021","0.18730","0.19170","0.19170","0.18130","8.34M","-2.09%"
"May 26, 2021","0.19130","0.18170","0.19130","0.18170","8.20M","5.23%"
"May 25, 2021","0.18180","0.17880","0.18180","0.17380","8.59M","1.85%"
"May 24, 2021","0.17850","0.15850","0.17850","0.15850","10.91M","12.62%"
"May 23, 2021","0.15850","0.17620","0.17660","0.14160","11.89M","-10.10%"
"May 22, 2021","0.17630","0.17240","0.17950","0.17240","9.52M","2.08%"
"May 21, 2021","0.17270","0.20950","0.21090","0.17020","10.30M","-17.64%"
"May 20, 2021","0.20970","0.18010","0.20970","0.17750","11.22M","16.44%"
"May 19, 2021","0.18010","0.25610","0.25610","0.17830","16.76M","-29.65%"
"May 18, 2021","0.25600","0.25910","0.27300","0.24890","6.94M","-1.50%"
"May 17, 2021","0.25990","0.28090","0.28230","0.25270","9.84M","-7.48%"
"May 16, 2021","0.28090","0.33150","0.33150","0.27780","9.86M","-15.24%"
"May 15, 2021","0.33140","0.31050","0.33140","0.29340","7.69M","6.73%"
"May 14, 2021","0.31050","0.31400","0.33890","0.29640","10.61M","-1.27%"
"May 13, 2021","0.31450","0.28490","0.34580","0.28380","17.34M","10.43%"
"May 12, 2021","0.28480","0.25550","0.33370","0.25550","26.59M","11.38%"
"May 11, 2021","0.25570","0.23350","0.25570","0.23220","7.71M","9.27%"
"May 10, 2021","0.23400","0.26500","0.26900","0.23400","8.28M","-11.70%"
"May 09, 2021","0.26500","0.27400","0.27400","0.25890","6.65M","-3.00%"
"May 08, 2021","0.27320","0.29670","0.29670","0.27320","6.57M","-7.89%"
"May 07, 2021","0.29660","0.29040","0.32180","0.29040","10.39M","2.21%"
"May 06, 2021","0.29020","0.26230","0.30040","0.25800","9.71M","10.64%"
"May 05, 2021","0.26230","0.24040","0.26230","0.24040","6.66M","7.46%"
"May 04, 2021","0.24410","0.25710","0.25710","0.24150","5.59M","-5.31%"
"May 03, 2021","0.25780","0.25570","0.26320","0.25570","4.45M","0.62%"
"May 02, 2021","0.25620","0.25610","0.25660","0.24760","5.05M","-0.04%"
"May 01, 2021","0.25630","0.26760","0.26770","0.25150","4.25M","-4.40%"
"Apr 30, 2021","0.26810","0.23990","0.26810","0.23830","5.17M","11.71%"
"Apr 29, 2021","0.24000","0.24770","0.24770","0.23680","4.38M","-3.11%"
"Apr 28, 2021","0.24770","0.26150","0.26180","0.24420","6.78M","-5.31%"
"Apr 27, 2021","0.26160","0.24050","0.26160","0.24050","7.23M","8.82%"
"Apr 26, 2021","0.24040","0.22030","0.24190","0.22030","6.06M","9.22%"
"Apr 25, 2021","0.22010","0.22560","0.22920","0.21600","7.18M","-2.44%"
"Apr 24, 2021","0.22560","0.23370","0.23450","0.22300","8.59M","-3.47%"
"Apr 23, 2021","0.23370","0.25700","0.25700","0.21250","14.17M","-9.21%"
"Apr 22, 2021","0.25740","0.28470","0.28760","0.25740","10.19M","-9.78%"
"Apr 21, 2021","0.28530","0.30520","0.30520","0.28530","8.63M","-6.73%"
"Apr 20, 2021","0.30590","0.30250","0.30770","0.28070","11.58M","0.96%"
"Apr 19, 2021","0.30300","0.32920","0.33740","0.30160","10.01M","-8.04%"
"Apr 18, 2021","0.32950","0.37720","0.37720","0.30720","15.97M","-12.74%"
"Apr 17, 2021","0.37760","0.38660","0.39140","0.36800","12.12M","-2.55%"
"Apr 16, 2021","0.38750","0.34790","0.38750","0.32330","12.04M","11.38%"
"Apr 15, 2021","0.34790","0.32560","0.34790","0.32560","7.32M","6.88%"
"Apr 14, 2021","0.32550","0.32300","0.32950","0.32300","8.25M","1.02%"
"Apr 13, 2021","0.32220","0.31680","0.34770","0.31680","7.12M","1.93%"
"Apr 12, 2021","0.31610","0.33180","0.33180","0.31600","6.81M","-4.65%"
"Apr 11, 2021","0.33150","0.33600","0.33630","0.32940","8.11M","-1.22%"
"Apr 10, 2021","0.33560","0.35490","0.36250","0.32940","8.72M","-5.44%"
"Apr 09, 2021","0.35490","0.31430","0.35570","0.31430","11.94M","12.77%"
"Apr 08, 2021","0.31470","0.28510","0.31550","0.28510","7.84M","10.07%"
"Apr 07, 2021","0.28590","0.31950","0.32710","0.28590","12.58M","-10.21%"
"Apr 06, 2021","0.31840","0.32750","0.34050","0.31260","11.68M","-2.75%"
"Apr 05, 2021","0.32740","0.34410","0.35160","0.32520","9.18M","-4.94%"
"Apr 04, 2021","0.34440","0.30690","0.35420","0.30400","8.85M","12.33%"
"Apr 03, 2021","0.30660","0.33860","0.35830","0.30660","9.74M","-9.66%"
"Apr 02, 2021","0.33940","0.31180","0.33940","0.31180","8.09M","8.68%"
"Apr 01, 2021","0.31230","0.28700","0.32060","0.28700","10.50M","8.66%"
"Mar 31, 2021","0.28740","0.28670","0.29380","0.28000","7.17M","0.24%"
"Mar 30, 2021","0.28670","0.28040","0.29230","0.28040","7.00M","2.21%"
"Mar 29, 2021","0.28050","0.26420","0.28050","0.26420","8.30M","6.13%"
"Mar 28, 2021","0.26430","0.24890","0.26430","0.24890","6.95M","6.23%"
"Mar 27, 2021","0.24880","0.24840","0.25420","0.24720","6.89M","0.20%"
"Mar 26, 2021","0.24830","0.23850","0.24830","0.23850","6.32M","4.28%"
"Mar 25, 2021","0.23810","0.23560","0.23810","0.22430","7.45M","1.15%"
"Mar 24, 2021","0.23540","0.24890","0.25820","0.23390","7.78M","-5.65%"
"Mar 23, 2021","0.24950","0.25660","0.25660","0.24450","9.12M","-3.11%"
"Mar 22, 2021","0.25750","0.27070","0.27490","0.25750","8.51M","-4.77%"
"Mar 21, 2021","0.27040","0.26350","0.27060","0.26130","7.81M","2.04%"
"Mar 20, 2021","0.26500","0.29540","0.29550","0.26500","8.85M","-10.29%"
"Mar 19, 2021","0.29540","0.26790","0.29540","0.26630","9.52M","10.43%"
"Mar 18, 2021","0.26750","0.25100","0.27190","0.25100","8.61M","6.57%"
"Mar 17, 2021","0.25100","0.25200","0.25200","0.24500","4.02M","-0.40%"
"Mar 16, 2021","0.25200","0.23500","0.25700","0.22900","4.71M","7.23%"
"Mar 15, 2021","0.23500","0.24600","0.25000","0.23200","5.64M","-4.47%"
"Mar 14, 2021","0.24600","0.24900","0.25800","0.24600","4.17M","-1.20%"
"Mar 13, 2021","0.24900","0.24200","0.25800","0.24200","5.78M","2.89%"
"Mar 12, 2021","0.24200","0.24600","0.24600","0.23800","4.90M","-2.02%"
"Mar 11, 2021","0.24700","0.26500","0.26500","0.24100","7.76M","-7.14%"
"Mar 10, 2021","0.26600","0.22100","0.26600","0.22100","15.57M","20.36%"
"Mar 09, 2021","0.22100","0.21700","0.22400","0.21700","3.26M","1.84%"
"Mar 08, 2021","0.21700","0.22200","0.22200","0.20900","2.79M","-2.25%"
"Mar 07, 2021","0.22200","0.20700","0.22600","0.20700","2.62M","7.25%"
"Mar 06, 2021","0.20700","0.20700","0.20900","0.20400","2.47M","0.00%"
"Mar 05, 2021","0.20700","0.21100","0.21100","0.19900","3.87M","-1.90%"
"Mar 04, 2021","0.21100","0.22600","0.22600","0.20900","6.00M","-6.64%"
"Mar 03, 2021","0.22600","0.22300","0.23000","0.21500","8.38M","1.35%"
"Mar 02, 2021","0.22300","0.19300","0.22300","0.18500","7.19M","15.54%"
"Mar 01, 2021","0.19300","0.18000","0.19400","0.18000","2.22M","7.22%"
"Feb 28, 2021","0.18000","0.18900","0.19100","0.17400","3.52M","-4.76%"
"Feb 27, 2021","0.18900","0.19200","0.19700","0.18900","2.70M","-1.56%"
"Feb 26, 2021","0.19200","0.19500","0.19700","0.18800","4.43M","-2.04%"
"Feb 25, 2021","0.19600","0.20500","0.21100","0.19600","4.61M","-4.39%"
"Feb 24, 2021","0.20500","0.20200","0.21200","0.20200","4.67M","1.49%"
"Feb 23, 2021","0.20200","0.25000","0.25000","0.18400","10.36M","-19.20%"
"Feb 22, 2021","0.25000","0.26500","0.27600","0.24300","9.06M","-5.66%"
"Feb 21, 2021","0.26500","0.26100","0.26900","0.26100","4.03M","1.53%"
"Feb 20, 2021","0.26100","0.27700","0.28000","0.26100","4.95M","-6.12%"
"Feb 19, 2021","0.27800","0.26800","0.28800","0.26700","6.49M","3.73%"
"Feb 18, 2021","0.26800","0.26800","0.27100","0.26200","5.03M","-0.37%"
"Feb 17, 2021","0.26900","0.25900","0.26900","0.24700","6.00M","3.86%"
"Feb 16, 2021","0.25900","0.27400","0.27800","0.25100","6.37M","-5.82%"
"Feb 15, 2021","0.27500","0.28900","0.29900","0.25900","12.38M","-5.17%"
"Feb 14, 2021","0.29000","0.29800","0.32900","0.29000","11.58M","-2.36%"
"Feb 13, 2021","0.29700","0.25100","0.29700","0.25100","7.15M","18.80%"
"Feb 12, 2021","0.25000","0.24200","0.25300","0.23700","6.49M","3.31%"
"Feb 11, 2021","0.24200","0.22500","0.24500","0.22100","6.26M","7.56%"
"Feb 10, 2021","0.22500","0.19800","0.22500","0.19700","11.00M","13.64%"
"Feb 09, 2021","0.19800","0.18100","0.20000","0.18100","3.74M","9.39%"
"Feb 08, 2021","0.18100","0.17800","0.18400","0.17700","2.33M","1.69%"
"Feb 07, 2021","0.17800","0.18200","0.18200","0.17500","1.69M","-2.20%"
"Feb 06, 2021","0.18200","0.18600","0.18600","0.18100","2.10M","-2.67%"
"Feb 05, 2021","0.18700","0.17500","0.18700","0.17500","3.02M","6.86%"
"Feb 04, 2021","0.17500","0.18400","0.18400","0.17500","2.64M","-4.89%"
"Feb 03, 2021","0.18400","0.17900","0.18600","0.17700","1.65M","2.79%"
"Feb 02, 2021","0.17900","0.17200","0.17900","0.17200","2.07M","4.07%"
"Feb 01, 2021","0.17200","0.17700","0.17800","0.17200","2.43M","-2.82%"
"Jan 31, 2021","0.17700","0.17800","0.17800","0.17500","1.71M","-0.56%"
"Jan 30, 2021","0.17800","0.18400","0.18500","0.17700","4.79M","-3.26%"
"Jan 29, 2021","0.18400","0.16400","0.18400","0.16400","6.86M","12.20%"
"Jan 28, 2021","0.16400","0.15300","0.16400","0.15200","1.71M","7.19%"
"Jan 27, 2021","0.15300","0.15800","0.15800","0.15300","1.01M","-3.16%"
"Jan 26, 2021","0.15800","0.16500","0.16500","0.15600","1.75M","-4.24%"
"Jan 25, 2021","0.16500","0.16800","0.16800","0.16500","1.33M","-1.79%"
"Jan 24, 2021","0.16800","0.16400","0.16800","0.16400","1.46M","2.44%"
"Jan 23, 2021","0.16400","0.16400","0.16800","0.16100","2.26M","0.00%"
"Jan 22, 2021","0.16400","0.15700","0.16400","0.15100","2.31M","4.46%"
"Jan 21, 2021","0.15700","0.17100","0.17100","0.15400","4.73M","-8.19%"
"Jan 20, 2021","0.17100","0.17000","0.17100","0.16200","2.40M","0.59%"
"Jan 19, 2021","0.17000","0.17300","0.17400","0.17000","1.75M","-1.73%"
"Jan 18, 2021","0.17300","0.17300","0.17500","0.17000","1.52M","0.00%"
"Jan 17, 2021","0.17300","0.16900","0.18400","0.16800","3.10M","2.37%"
"Jan 16, 2021","0.16900","0.16900","0.17400","0.16700","2.77M","0.60%"
"Jan 15, 2021","0.16800","0.16500","0.18200","0.16500","6.79M","1.82%"
"Jan 14, 2021","0.16500","0.16300","0.16800","0.15700","3.14M","1.23%"
"Jan 13, 2021","0.16300","0.15800","0.16300","0.15600","3.05M","3.16%"
"Jan 12, 2021","0.15800","0.16200","0.16500","0.15700","2.07M","-2.47%"
"Jan 11, 2021","0.16200","0.17900","0.17900","0.15600","5.04M","-9.50%"
"Jan 10, 2021","0.17900","0.18500","0.19100","0.17700","4.02M","-3.24%"
"Jan 09, 2021","0.18500","0.17200","0.18900","0.17200","3.62M","7.56%"
"Jan 08, 2021","0.17200","0.18600","0.18600","0.17000","2.97M","-7.53%"
"Jan 07, 2021","0.18600","0.17900","0.19300","0.17900","4.82M","3.91%"
"Jan 06, 2021","0.17900","0.16700","0.18300","0.16700","4.03M","7.83%"
"Jan 05, 2021","0.16600","0.17000","0.17300","0.16100","3.94M","-2.35%"
"Jan 04, 2021","0.17000","0.14500","0.18800","0.14500","7.50M","17.24%"
"Jan 03, 2021","0.14500","0.14000","0.14900","0.14000","3.37M","4.32%"
"Jan 02, 2021","0.13900","0.14100","0.14300","0.13800","3.44M","-1.42%"
"Jan 01, 2021","0.14100","0.14500","0.14500","0.14100","1.24M","-2.76%"
"Dec 31, 2020","0.14500","0.14000","0.14600","0.13600","5.54M","3.57%"
"Dec 30, 2020","0.14000","0.13800","0.14000","0.13300","5.50M","1.45%"
"Dec 29, 2020","0.13800","0.15400","0.15400","0.13800","2.76M","-10.39%"
"Dec 28, 2020","0.15400","0.16100","0.16200","0.15400","1.24M","-4.35%"
"Dec 27, 2020","0.16100","0.15900","0.16400","0.15900","1.71M","1.26%"
"Dec 26, 2020","0.15900","0.17000","0.17000","0.15700","1.29M","-6.47%"
"Dec 25, 2020","0.17000","0.16100","0.17400","0.16100","1.50M","5.59%"
"Dec 24, 2020","0.16100","0.15400","0.16300","0.15100","4.27M","4.55%"
"Dec 23, 2020","0.15400","0.17800","0.17800","0.15400","4.42M","-13.48%"
"Dec 22, 2020","0.17800","0.18100","0.18100","0.17600","1.34M","-1.66%"
"Dec 21, 2020","0.18100","0.18900","0.19300","0.17800","3.15M","-4.23%"
"Dec 20, 2020","0.18900","0.19300","0.19300","0.18900","1.84M","-2.07%"
"Dec 19, 2020","0.19300","0.19200","0.19300","0.19000","1.06M","0.52%"
"Dec 18, 2020","0.19200","0.19400","0.19500","0.19200","1.21M","-1.03%"
"Dec 17, 2020","0.19400","0.19000","0.20000","0.19000","3.55M","0.52%"
"Dec 16, 2020","0.19300","0.18500","0.19300","0.18400","1.41M","4.32%"
"Dec 15, 2020","0.18500","0.18800","0.18900","0.18300","912.32K","-0.54%"
"Dec 14, 2020","0.18600","0.19000","0.19000","0.18300","1.47M","-2.11%"
"Dec 13, 2020","0.19000","0.18600","0.19100","0.18600","1.50M","2.15%"
"Dec 12, 2020","0.18600","0.18500","0.18700","0.18500","762.89K","0.54%"
"Dec 11, 2020","0.18500","0.18600","0.18700","0.18200","1.39M","-0.54%"
"Dec 10, 2020","0.18600","0.19400","0.19400","0.18400","822.24K","-4.12%"
"Dec 09, 2020","0.19400","0.19600","0.19800","0.19100","1.83M","-1.02%"
"Dec 08, 2020","0.19600","0.21100","0.21100","0.19600","1.09M","-7.11%"
"Dec 07, 2020","0.21100","0.21200","0.21200","0.20800","659.62K","-0.47%"
"Dec 06, 2020","0.21200","0.21400","0.21400","0.20900","967.08K","-0.93%"
"Dec 05, 2020","0.21400","0.21000","0.21500","0.20900","1.90M","1.90%"
"Dec 04, 2020","0.21000","0.22600","0.22600","0.20500","4.76M","-7.08%"
"Dec 03, 2020","0.22600","0.19900","0.22700","0.19900","3.74M","13.57%"
"Dec 02, 2020","0.19900","0.19500","0.19900","0.19200","1.42M","2.05%"
"Dec 01, 2020","0.19500","0.20300","0.20300","0.19500","2.19M","-3.94%"
"Nov 30, 2020","0.20300","0.20000","0.20300","0.19800","1.90M","1.50%"
"Nov 29, 2020","0.20000","0.19800","0.20100","0.19800","912.22K","1.01%"
"Nov 28, 2020","0.19800","0.19700","0.19900","0.19500","765.64K","0.51%"
"Nov 27, 2020","0.19700","0.19900","0.20100","0.19400","4.09M","-1.01%"
"Nov 26, 2020","0.19900","0.22200","0.22200","0.18900","6.72M","-9.95%"
"Nov 25, 2020","0.22100","0.23500","0.23500","0.22100","4.19M","-5.96%"
"Nov 24, 2020","0.23500","0.22100","0.23700","0.22000","6.72M","6.33%"
"Nov 23, 2020","0.22100","0.19700","0.22100","0.19600","4.95M","12.18%"
"Nov 22, 2020","0.19700","0.21600","0.21600","0.19700","7.75M","-8.80%"
"Nov 21, 2020","0.21600","0.19600","0.21600","0.19600","5.41M","10.20%"
"Nov 20, 2020","0.19600","0.17900","0.19700","0.17900","7.38M","9.50%"
"Nov 19, 2020","0.17900","0.17200","0.17900","0.17000","4.51M","4.07%"
"Nov 18, 2020","0.17200","0.18200","0.18200","0.17200","4.22M","-5.49%"
"Nov 17, 2020","0.18200","0.17300","0.18400","0.17200","1.20M","5.20%"
"Nov 16, 2020","0.17300","0.17700","0.17800","0.16900","1.78M","-2.26%"
"Nov 15, 2020","0.17700","0.17600","0.17900","0.17400","6.24M","0.57%"
"Nov 14, 2020","0.17600","0.17800","0.17800","0.17400","2.98M","-0.56%"
"Nov 13, 2020","0.17700","0.18400","0.18400","0.17600","2.56M","-3.80%"
"Nov 12, 2020","0.18400","0.18500","0.18600","0.18100","2.02M","-0.54%"
"Nov 11, 2020","0.18500","0.18200","0.18500","0.18200","5.00M","1.65%"
"Nov 10, 2020","0.18200","0.17500","0.18400","0.17400","4.62M","4.00%"
"Nov 09, 2020","0.17500","0.18100","0.18300","0.17500","2.81M","-3.31%"
"Nov 08, 2020","0.18100","0.17700","0.18100","0.17500","2.20M","2.84%"
"Nov 07, 2020","0.17600","0.18200","0.19200","0.17600","5.48M","-3.30%"
"Nov 06, 2020","0.18200","0.17500","0.18200","0.17500","2.43M","4.00%"
"Nov 05, 2020","0.17500","0.16600","0.17500","0.15800","4.53M","5.42%"
"Nov 04, 2020","0.16600","0.16100","0.16600","0.15900","5.41M","3.11%"
"Nov 03, 2020","0.16100","0.16800","0.16900","0.15800","4.78M","-4.73%"
"Nov 02, 2020","0.16900","0.18300","0.18300","0.16900","3.14M","-8.15%"
"Nov 01, 2020","0.18400","0.18200","0.18400","0.17900","3.44M","1.10%"
"Oct 31, 2020","0.18200","0.18100","0.18300","0.18100","1.96M","0.55%"
"Oct 30, 2020","0.18100","0.18300","0.18300","0.18000","1.81M","-1.09%"
"Oct 29, 2020","0.18300","0.18900","0.18900","0.18200","1.72M","-3.17%"
"Oct 28, 2020","0.18900","0.20200","0.20200","0.18900","1.18M","-6.44%"
"Oct 27, 2020","0.20200","0.20300","0.20300","0.20000","671.64K","-0.49%"
"Oct 26, 2020","0.20300","0.20400","0.20500","0.20300","1.16M","-0.49%"
"Oct 25, 2020","0.20400","0.20600","0.20700","0.20200","2.01M","-0.97%"
"Oct 24, 2020","0.20600","0.20200","0.20600","0.19900","2.98M","1.98%"
"Oct 23, 2020","0.20200","0.20800","0.21000","0.20100","971.80K","-2.88%"
"Oct 22, 2020","0.20800","0.20300","0.21100","0.20300","943.31K","2.46%"
"Oct 21, 2020","0.20300","0.19000","0.20600","0.19000","3.40M","6.84%"
"Oct 20, 2020","0.19000","0.20800","0.20800","0.19000","4.09M","-8.65%"
"Oct 19, 2020","0.20800","0.21600","0.21900","0.20700","877.85K","-3.70%"
"Oct 18, 2020","0.21600","0.22300","0.22400","0.21400","409.09K","-3.14%"
"Oct 17, 2020","0.22300","0.22000","0.22300","0.22000","358.61K","1.36%"
"Oct 16, 2020","0.22000","0.22800","0.22800","0.22000","1.59M","-3.51%"
"Oct 15, 2020","0.22800","0.23100","0.23100","0.22600","1.41M","-1.30%"
"Oct 14, 2020","0.23100","0.23400","0.23400","0.22900","3.49M","-1.28%"
"Oct 13, 2020","0.23400","0.23500","0.23800","0.23300","3.50M","-0.43%"
"Oct 12, 2020","0.23500","0.23900","0.23900","0.23400","2.07M","-1.67%"
"Oct 11, 2020","0.23900","0.24100","0.24100","0.23900","1.30M","-0.83%"
"Oct 10, 2020","0.24100","0.24200","0.24400","0.24100","3.85M","-0.41%"
"Oct 09, 2020","0.24200","0.23900","0.24500","0.23900","3.78M","1.26%"
"Oct 08, 2020","0.23900","0.23500","0.23900","0.23100","3.64M","1.70%"
"Oct 07, 2020","0.23500","0.23100","0.23500","0.23000","1.69M","1.73%"
"Oct 06, 2020","0.23100","0.23400","0.23500","0.23000","2.31M","-0.86%"
"Oct 05, 2020","0.23300","0.23800","0.23800","0.23300","2.06M","-2.10%"
"Oct 04, 2020","0.23800","0.24200","0.24300","0.23800","1.09M","-1.65%"
"Oct 03, 2020","0.24200","0.24000","0.24200","0.23900","1.56M","0.83%"
"Oct 02, 2020","0.24000","0.24200","0.24300","0.23600","2.13M","-0.83%"
"Oct 01, 2020","0.24200","0.24700","0.25000","0.24100","2.48M","-2.02%"
"Sep 30, 2020","0.24700","0.25100","0.25100","0.24600","2.03M","-1.59%"
"Sep 29, 2020","0.25100","0.25300","0.25300","0.24900","1.07M","-0.79%"
"Sep 28, 2020","0.25300","0.25000","0.26800","0.25000","2.76M","1.20%"
"Sep 27, 2020","0.25000","0.25400","0.25400","0.24600","2.00M","-1.57%"
"Sep 26, 2020","0.25400","0.24400","0.25400","0.24400","2.96M","4.10%"
"Sep 25, 2020","0.24400","0.24600","0.24600","0.23900","2.59M","-0.81%"
"Sep 24, 2020","0.24600","0.24000","0.24600","0.23900","4.44M","2.50%"
"Sep 23, 2020","0.24000","0.24900","0.25100","0.24000","4.77M","-3.61%"
"Sep 22, 2020","0.24900","0.24100","0.24900","0.24000","2.55M","2.89%"
"Sep 21, 2020","0.24200","0.25500","0.25700","0.23900","2.79M","-5.10%"
"Sep 20, 2020","0.25500","0.26400","0.26400","0.25400","2.99M","-3.41%"
"Sep 19, 2020","0.26400","0.26500","0.26800","0.25800","3.08M","-0.38%"
"Sep 18, 2020","0.26500","0.26000","0.27000","0.25900","3.58M","1.92%"
"Sep 17, 2020","0.26000","0.27000","0.27000","0.25700","2.69M","-3.70%"
"Sep 16, 2020","0.27000","0.26200","0.27400","0.25400","3.63M","3.05%"
"Sep 15, 2020","0.26200","0.26900","0.26900","0.26200","2.65M","-2.60%"
"Sep 14, 2020","0.26900","0.26600","0.27200","0.26400","3.51M","1.13%"
"Sep 13, 2020","0.26600","0.27500","0.28000","0.26500","6.03M","-3.27%"
"Sep 12, 2020","0.27500","0.27400","0.27700","0.27300","6.74M","0.36%"
"Sep 11, 2020","0.27400","0.28600","0.28600","0.27100","9.07M","-4.20%"
"Sep 10, 2020","0.28600","0.27300","0.28600","0.27300","9.66M","4.76%"
"Sep 09, 2020","0.27300","0.25700","0.27300","0.25400","8.70M","6.23%"
"Sep 08, 2020","0.25700","0.26800","0.26800","0.25700","7.02M","-4.10%"
"Sep 07, 2020","0.26800","0.26000","0.26800","0.25000","8.00M","3.08%"
"Sep 06, 2020","0.26000","0.26200","0.26200","0.24600","12.08M","-1.14%"
"Sep 05, 2020","0.26300","0.27300","0.27700","0.25900","11.15M","-3.66%"
"Sep 04, 2020","0.27300","0.25700","0.27800","0.25700","12.59M","6.64%"
"Sep 03, 2020","0.25600","0.31400","0.31400","0.25600","8.35M","-18.47%"
"Sep 02, 2020","0.31400","0.31900","0.33500","0.31200","9.97M","-1.57%"
"Sep 01, 2020","0.31900","0.32300","0.32800","0.31600","9.15M","-1.24%"
"Aug 31, 2020","0.32300","0.35000","0.35000","0.32300","8.49M","-7.98%"
"Aug 30, 2020","0.35100","0.32500","0.35100","0.32300","8.72M","8.00%"
"Aug 29, 2020","0.32500","0.32900","0.32900","0.31600","6.06M","-1.22%"
"Aug 28, 2020","0.32900","0.30800","0.33000","0.30800","7.94M","6.82%"
"Aug 27, 2020","0.30800","0.31700","0.31700","0.30700","5.65M","-2.84%"
"Aug 26, 2020","0.31700","0.31600","0.31800","0.31500","6.87M","0.32%"
"Aug 25, 2020","0.31600","0.32100","0.32500","0.31300","5.98M","-1.56%"
"Aug 24, 2020","0.32100","0.31800","0.32100","0.31600","5.54M","0.94%"
"Aug 23, 2020","0.31800","0.32300","0.32300","0.31700","5.17M","-1.55%"
"Aug 22, 2020","0.32300","0.31700","0.32300","0.31200","8.69M","1.89%"
"Aug 21, 2020","0.31700","0.33000","0.34000","0.31700","8.28M","-3.94%"
"Aug 20, 2020","0.33000","0.31700","0.33000","0.31500","4.76M","4.10%"
"Aug 19, 2020","0.31700","0.33000","0.33100","0.31600","5.28M","-3.94%"
"Aug 18, 2020","0.33000","0.33800","0.33800","0.32800","6.74M","-2.37%"
"Aug 17, 2020","0.33800","0.33500","0.34400","0.33500","8.11M","0.90%"
"Aug 16, 2020","0.33500","0.32600","0.33500","0.32400","6.49M","2.76%"
"Aug 15, 2020","0.32600","0.32400","0.32800","0.32300","5.09M","0.62%"
"Aug 14, 2020","0.32400","0.32200","0.32400","0.32200","6.95M","0.31%"
"Aug 13, 2020","0.32300","0.32600","0.32700","0.31900","10.24M","-0.92%"
"Aug 12, 2020","0.32600","0.32100","0.32600","0.31600","11.90M","1.56%"
"Aug 11, 2020","0.32100","0.34000","0.34600","0.32100","16.27M","-5.59%"
"Aug 10, 2020","0.34000","0.32500","0.34000","0.32200","12.29M","4.62%"
"Aug 09, 2020","0.32500","0.32100","0.32800","0.31800","12.84M","0.93%"
"Aug 08, 2020","0.32200","0.32300","0.32300","0.32000","12.92M","0.00%"
"Aug 07, 2020","0.32200","0.32600","0.32600","0.32000","12.11M","-0.92%"
"Aug 06, 2020","0.32500","0.32800","0.32900","0.32300","15.27M","-0.61%"
"Aug 05, 2020","0.32700","0.32200","0.33200","0.32000","10.24M","1.55%"
"Aug 04, 2020","0.32200","0.32200","0.32600","0.32000","10.40M","0.00%"
"Aug 03, 2020","0.32200","0.31900","0.33400","0.31500","19.28M","0.94%"
"Aug 02, 2020","0.31900","0.35100","0.36100","0.31900","19.06M","-9.12%"
"Aug 01, 2020","0.35100","0.35800","0.36100","0.35100","15.17M","-1.96%"
"Jul 31, 2020","0.35800","0.39800","0.39900","0.35800","20.61M","-10.05%"
"Jul 30, 2020","0.39800","0.39400","0.41400","0.39300","15.24M","1.02%"
"Jul 29, 2020","0.39400","0.38900","0.41300","0.38800","17.18M","1.29%"
"Jul 28, 2020","0.38900","0.38500","0.38900","0.38300","22.05M","1.30%"
"Jul 27, 2020","0.38400","0.43000","0.43100","0.38400","28.21M","-10.49%"
"Jul 26, 2020","0.42900","0.38200","0.42900","0.36900","15.94M","12.30%"
"Jul 25, 2020","0.38200","0.36100","0.38200","0.35800","12.49M","5.82%"
"Jul 24, 2020","0.36100","0.36200","0.36500","0.35900","10.91M","-0.28%"
"Jul 23, 2020","0.36200","0.36500","0.37000","0.35900","12.00M","-0.55%"
"Jul 22, 2020","0.36400","0.34700","0.36500","0.34400","12.02M","4.90%"
"Jul 21, 2020","0.34700","0.37500","0.37500","0.34600","15.34M","-7.47%"
"Jul 20, 2020","0.37500","0.33700","0.37500","0.33100","11.15M","11.28%"
"Jul 19, 2020","0.33700","0.34200","0.35200","0.33700","8.53M","-1.17%"
"Jul 18, 2020","0.34100","0.31700","0.34200","0.31700","6.89M","7.57%"
"Jul 17, 2020","0.31700","0.31600","0.31800","0.30800","10.24M","0.32%"
"Jul 16, 2020","0.31600","0.33000","0.33000","0.30500","12.72M","-4.24%"
"Jul 15, 2020","0.33000","0.34700","0.35100","0.33000","13.56M","-4.90%"
"Jul 14, 2020","0.34700","0.33600","0.35100","0.33600","17.53M","3.27%"
"Jul 13, 2020","0.33600","0.31400","0.34500","0.31400","21.32M","7.01%"
"Jul 12, 2020","0.31400","0.32300","0.32900","0.31400","13.93M","-2.79%"
"Jul 11, 2020","0.32300","0.30300","0.32300","0.30300","11.70M","6.60%"
"Jul 10, 2020","0.30300","0.29400","0.30900","0.28400","15.61M","4.12%"
"Jul 09, 2020","0.29100","0.30300","0.30300","0.28200","14.78M","-3.96%"
"Jul 08, 2020","0.30300","0.28100","0.30900","0.28100","12.45M","7.83%"
"Jul 07, 2020","0.28100","0.28600","0.28700","0.27900","13.20M","-1.75%"
"Jul 06, 2020","0.28600","0.25600","0.28600","0.25600","16.41M","11.72%"
"Jul 05, 2020","0.25600","0.25600","0.26200","0.25200","12.48M","0.00%"
"Jul 04, 2020","0.25600","0.25000","0.25800","0.25000","10.37M","2.40%"
"Jul 03, 2020","0.25000","0.25000","0.25200","0.24700","8.94M","0.00%"
"Jul 02, 2020","0.25000","0.25700","0.26100","0.24900","4.49M","-2.72%"
"Jul 01, 2020","0.25700","0.25500","0.25800","0.25300","12.27M","0.78%"
"Jun 30, 2020","0.25500","0.25500","0.25700","0.25100","10.66M","0.00%"
"Jun 29, 2020","0.25500","0.25600","0.25800","0.25200","14.70M","-0.39%"
"Jun 28, 2020","0.25600","0.25700","0.26100","0.25100","8.91M","-0.39%"
"Jun 27, 2020","0.25700","0.26400","0.26500","0.25700","8.95M","-2.65%"
"Jun 26, 2020","0.26400","0.26400","0.26800","0.25900","13.69M","0.00%"
"Jun 25, 2020","0.26400","0.26400","0.26600","0.26000","14.94M","0.00%"
"Jun 24, 2020","0.26400","0.27400","0.27800","0.26000","12.86M","-3.65%"
"Jun 23, 2020","0.27400","0.27700","0.27800","0.27100","10.11M","-1.08%"
"Jun 22, 2020","0.27700","0.27000","0.28100","0.26800","11.04M","2.59%"
"Jun 21, 2020","0.27000","0.27600","0.27600","0.27000","9.36M","-2.17%"
"Jun 20, 2020","0.27600","0.27400","0.27600","0.27000","7.07M","0.73%"
"Jun 19, 2020","0.27400","0.27600","0.27600","0.27100","5.84M","-0.72%"
"Jun 18, 2020","0.27600","0.27900","0.28000","0.27500","3.83M","-1.08%"
"Jun 17, 2020","0.27900","0.28000","0.28100","0.27200","4.22M","-0.36%"
"Jun 16, 2020","0.28000","0.26900","0.28200","0.26500","9.61M","4.09%"
"Jun 15, 2020","0.26900","0.27400","0.27400","0.25600","8.66M","-1.82%"
"Jun 14, 2020","0.27400","0.28000","0.28300","0.27100","9.55M","-2.14%"
"Jun 13, 2020","0.28000","0.28000","0.28500","0.27600","7.67M","0.00%"
"Jun 12, 2020","0.28000","0.27300","0.28300","0.26800","12.66M","3.70%"
"Jun 11, 2020","0.27000","0.30100","0.30500","0.26900","10.79M","-10.30%"
"Jun 10, 2020","0.30100","0.30600","0.30800","0.30100","4.91M","-1.63%"
"Jun 09, 2020","0.30600","0.30000","0.30900","0.29600","11.71M","2.00%"
"Jun 08, 2020","0.30000","0.29100","0.30000","0.29100","9.29M","3.09%"
"Jun 07, 2020","0.29100","0.29400","0.29400","0.28100","12.10M","-1.02%"
"Jun 06, 2020","0.29400","0.28100","0.29400","0.27800","14.55M","4.63%"
"Jun 05, 2020","0.28100","0.28500","0.28600","0.27900","7.68M","-1.40%"
"Jun 04, 2020","0.28500","0.28200","0.28500","0.28000","13.85M","1.06%"
"Jun 03, 2020","0.28200","0.28100","0.28400","0.27700","17.12M","0.36%"
"Jun 02, 2020","0.28100","0.29400","0.30000","0.27600","28.83M","-4.42%"
"Jun 01, 2020","0.29400","0.28500","0.29700","0.28400","31.96M","3.16%"
"May 31, 2020","0.28500","0.30000","0.30000","0.28400","24.92M","-5.00%"
"May 30, 2020","0.30000","0.28100","0.30800","0.27900","22.81M","6.76%"
"May 29, 2020","0.28100","0.28700","0.28800","0.27800","36.05M","-1.75%"
"May 28, 2020","0.28600","0.28100","0.28700","0.27300","34.73M","1.78%"
"May 27, 2020","0.28100","0.27600","0.28400","0.27600","31.76M","1.81%"
"May 26, 2020","0.27600","0.27900","0.28400","0.27300","24.01M","-1.08%"
"May 25, 2020","0.27900","0.27100","0.28000","0.26700","14.70M","2.95%"
"May 24, 2020","0.27100","0.27700","0.28300","0.27000","21.47M","-2.17%"
"May 23, 2020","0.27700","0.28500","0.28600","0.27200","23.76M","-2.81%"
"May 22, 2020","0.28500","0.26100","0.28800","0.26100","30.62M","9.20%"
"May 21, 2020","0.26100","0.26600","0.26800","0.25800","31.43M","-1.88%"
"May 20, 2020","0.26600","0.27400","0.27500","0.26000","28.89M","-2.92%"
"May 19, 2020","0.27400","0.27400","0.27600","0.26900","17.34M","0.00%"
"May 18, 2020","0.27400","0.27500","0.28300","0.27000","18.32M","-0.36%"
"May 17, 2020","0.27500","0.27400","0.27700","0.27200","16.75M","0.36%"
"May 16, 2020","0.27400","0.26800","0.27500","0.26700","26.45M","2.24%"
"May 15, 2020","0.26800","0.28600","0.28700","0.26700","23.10M","-6.29%"
"May 14, 2020","0.28600","0.27100","0.29300","0.26600","21.99M","5.54%"
"May 13, 2020","0.27100","0.26800","0.27300","0.26600","21.90M","1.12%"
"May 12, 2020","0.26800","0.26200","0.27200","0.26200","19.06M","2.29%"
"May 11, 2020","0.26200","0.25900","0.28000","0.25400","19.54M","1.16%"
"May 10, 2020","0.25900","0.28300","0.28300","0.25600","6.57M","-8.48%"
"May 09, 2020","0.28300","0.28900","0.29500","0.28100","15.33M","-2.08%"
"May 08, 2020","0.28900","0.27100","0.31900","0.27100","19.26M","6.64%"
"May 07, 2020","0.27100","0.26900","0.27300","0.26100","17.98M","0.74%"
"May 06, 2020","0.26900","0.27200","0.27900","0.26900","12.88M","-1.10%"
"May 05, 2020","0.27200","0.27300","0.28000","0.27000","23.53M","-0.37%"
"May 04, 2020","0.27300","0.28800","0.28800","0.26600","14.19M","-5.21%"
"May 03, 2020","0.28800","0.29600","0.30300","0.28100","7.18M","-2.70%"
"May 02, 2020","0.29600","0.29300","0.30000","0.28700","9.73M","1.02%"
"May 01, 2020","0.29300","0.29400","0.30600","0.28600","17.61M","-0.34%"
"Apr 30, 2020","0.29400","0.31300","0.33100","0.28400","26.14M","-6.07%"
"Apr 29, 2020","0.31300","0.30700","0.31600","0.30300","23.08M","1.95%"
"Apr 28, 2020","0.30700","0.31600","0.33600","0.29700","29.58M","-2.85%"
"Apr 27, 2020","0.31600","0.26900","0.34500","0.26900","31.09M","17.47%"
"Apr 26, 2020","0.26900","0.26600","0.27700","0.26400","20.08M","1.13%"
"Apr 25, 2020","0.26600","0.26600","0.27400","0.26000","25.69M","0.00%"
"Apr 24, 2020","0.26600","0.26600","0.27300","0.26200","21.79M","0.00%"
"Apr 23, 2020","0.26600","0.26100","0.27600","0.25700","18.57M","1.92%"
"Apr 22, 2020","0.26100","0.25400","0.26500","0.25000","18.43M","2.76%"
"Apr 21, 2020","0.25400","0.25300","0.25900","0.24800","37.40M","0.40%"
"Apr 20, 2020","0.25300","0.26700","0.27100","0.24800","30.04M","-4.89%"
"Apr 19, 2020","0.26600","0.28200","0.28200","0.26500","19.78M","-5.34%"
"Apr 18, 2020","0.28100","0.26900","0.28600","0.26600","32.70M","4.46%"
"Apr 17, 2020","0.26900","0.26800","0.27100","0.25800","24.49M","0.37%"
"Apr 16, 2020","0.26800","0.24300","0.27600","0.24000","18.66M","9.84%"
"Apr 15, 2020","0.24400","0.25500","0.25700","0.24200","13.58M","-4.31%"
"Apr 14, 2020","0.25500","0.24900","0.25700","0.24800","21.80M","2.41%"
"Apr 13, 2020","0.24900","0.26300","0.26300","0.24300","28.12M","-5.32%"
"Apr 12, 2020","0.26300","0.26300","0.26600","0.25700","35.59M","0.00%"
"Apr 11, 2020","0.26300","0.26100","0.26800","0.25700","30.65M","0.77%"
"Apr 10, 2020","0.26100","0.28700","0.28800","0.25500","26.60M","-9.06%"
"Apr 09, 2020","0.28700","0.29300","0.29600","0.28200","23.63M","-2.05%"
"Apr 08, 2020","0.29300","0.28600","0.29800","0.28000","20.76M","2.45%"
"Apr 07, 2020","0.28600","0.29800","0.31400","0.28300","35.91M","-3.38%"
"Apr 06, 2020","0.29600","0.28100","0.29700","0.27400","33.97M","5.34%"
"Apr 05, 2020","0.28100","0.28000","0.28400","0.27400","33.95M","0.36%"
"Apr 04, 2020","0.28000","0.27100","0.28200","0.27000","37.88M","3.32%"
"Apr 03, 2020","0.27100","0.27700","0.28900","0.26600","33.76M","-2.17%"
"Apr 02, 2020","0.27700","0.26600","0.28400","0.26300","25.17M","4.14%"
"Apr 01, 2020","0.26600","0.26200","0.26600","0.25400","23.78M","1.53%"
"Mar 31, 2020","0.26200","0.26000","0.27800","0.25400","21.80M","0.77%"
"Mar 30, 2020","0.26000","0.24500","0.26800","0.24300","25.07M","6.56%"
"Mar 29, 2020","0.24400","0.25500","0.26100","0.24400","23.37M","-4.31%"
"Mar 28, 2020","0.25500","0.27100","0.27100","0.25000","25.59M","-5.56%"
"Mar 27, 2020","0.27000","0.29000","0.29400","0.26900","25.66M","-7.53%"
"Mar 26, 2020","0.29200","0.30300","0.30600","0.27300","32.71M","-3.95%"
"Mar 25, 2020","0.30400","0.31000","0.31300","0.29700","39.88M","-1.94%"
"Mar 24, 2020","0.31000","0.31100","0.32200","0.29100","31.07M","-0.32%"
"Mar 23, 2020","0.31100","0.30100","0.31300","0.28300","36.45M","3.32%"
"Mar 22, 2020","0.30100","0.32400","0.33200","0.30100","29.56M","-7.10%"
"Mar 21, 2020","0.32400","0.31300","0.36300","0.30500","42.05M","3.51%"
"Mar 20, 2020","0.31300","0.33500","0.34800","0.29400","38.65M","-7.12%"
"Mar 19, 2020","0.33700","0.31800","0.34300","0.28000","38.61M","5.97%"
"Mar 18, 2020","0.31800","0.34700","0.37800","0.29000","47.46M","-8.36%"
"Mar 17, 2020","0.34700","0.23700","0.34800","0.23700","41.83M","46.41%"
"Mar 16, 2020","0.23700","0.21900","0.24800","0.20100","18.13M","8.72%"
"Mar 15, 2020","0.21800","0.21600","0.22600","0.21300","9.51M","0.93%"
"Mar 14, 2020","0.21600","0.21800","0.22800","0.20500","12.68M","-0.92%"
"Mar 13, 2020","0.21800","0.17300","0.23300","0.15700","19.00M","25.29%"
"Mar 12, 2020","0.17400","0.31200","0.31400","0.17100","24.74M","-44.23%"
"Mar 11, 2020","0.31200","0.31700","0.31800","0.30200","12.66M","-1.58%"
"Mar 10, 2020","0.31700","0.32300","0.32800","0.31000","15.59M","-1.86%"
"Mar 09, 2020","0.32300","0.31300","0.33100","0.29400","18.63M","3.19%"
"Mar 08, 2020","0.31300","0.36500","0.36500","0.31100","13.98M","-14.25%"
"Mar 07, 2020","0.36500","0.37400","0.39000","0.36000","13.29M","-2.41%"
"Mar 06, 2020","0.37400","0.37000","0.37900","0.36400","12.51M","1.08%"
"Mar 05, 2020","0.37000","0.34700","0.37900","0.34600","13.50M","6.63%"
"Mar 04, 2020","0.34700","0.34600","0.35400","0.33500","11.63M","0.29%"
"Mar 03, 2020","0.34600","0.36000","0.36900","0.33400","15.35M","-3.89%"
"Mar 02, 2020","0.36000","0.32600","0.37200","0.32000","15.65M","10.43%"
"Mar 01, 2020","0.32600","0.32200","0.33400","0.31700","7.93M","1.24%"
"Feb 29, 2020","0.32200","0.30800","0.33400","0.30200","10.33M","4.89%"
"Feb 28, 2020","0.30700","0.32600","0.33900","0.28500","11.01M","-5.83%"
"Feb 27, 2020","0.32600","0.31900","0.34000","0.30200","16.93M","2.19%"
"Feb 26, 2020","0.31900","0.37200","0.38400","0.29800","17.84M","-14.25%"
"Feb 25, 2020","0.37200","0.39400","0.40900","0.35700","16.81M","-5.58%"
"Feb 24, 2020","0.39400","0.44500","0.45200","0.38200","12.76M","-11.46%"
"Feb 23, 2020","0.44500","0.43900","0.46200","0.43300","9.83M","1.14%"
"Feb 22, 2020","0.44000","0.46700","0.47500","0.43200","11.24M","-5.58%"
"Feb 21, 2020","0.46600","0.49900","0.52500","0.44000","17.70M","-6.61%"
"Feb 20, 2020","0.49900","0.45900","0.50200","0.43100","14.81M","8.48%"
"Feb 19, 2020","0.46000","0.50600","0.51500","0.44200","15.30M","-9.09%"
"Feb 18, 2020","0.50600","0.43400","0.59500","0.42600","26.21M","17.67%"
"Feb 17, 2020","0.43000","0.37000","0.43100","0.34900","24.07M","16.22%"
"Feb 16, 2020","0.37000","0.39600","0.42100","0.33100","18.79M","-7.04%"
"Feb 15, 2020","0.39800","0.41200","0.45100","0.39400","17.91M","-3.40%"
"Feb 14, 2020","0.41200","0.39000","0.41700","0.38500","11.26M","5.64%"
"Feb 13, 2020","0.39000","0.39400","0.40600","0.38000","14.05M","-1.02%"
"Feb 12, 2020","0.39400","0.38000","0.40100","0.37400","14.86M","3.41%"
"Feb 11, 2020","0.38100","0.35700","0.38200","0.34000","13.34M","6.42%"
"Feb 10, 2020","0.35800","0.37500","0.38400","0.34300","13.65M","-4.79%"
"Feb 09, 2020","0.37600","0.36300","0.37800","0.36000","17.39M","3.87%"
"Feb 08, 2020","0.36200","0.36400","0.37400","0.35000","16.97M","-1.09%"
"Feb 07, 2020","0.36600","0.35500","0.37300","0.35400","17.74M","3.10%"
"Feb 06, 2020","0.35500","0.36800","0.36800","0.34600","15.44M","-3.01%"
"Feb 05, 2020","0.36600","0.33100","0.37500","0.32700","15.78M","10.91%"
"Feb 04, 2020","0.33000","0.33200","0.33600","0.32300","11.60M","-0.60%"
"Feb 03, 2020","0.33200","0.34200","0.35100","0.32800","11.95M","-2.92%"
"Feb 02, 2020","0.34200","0.31900","0.35400","0.31300","15.77M","7.21%"
"Feb 01, 2020","0.31900","0.31400","0.32300","0.30800","12.79M","2.24%"
"Jan 31, 2020","0.31200","0.31500","0.32300","0.30300","13.74M","-0.64%"
"Jan 30, 2020","0.31400","0.29800","0.32000","0.29200","12.76M","5.37%"
"Jan 29, 2020","0.29800","0.29000","0.30000","0.28400","13.15M","2.76%"
"Jan 28, 2020","0.29000","0.27200","0.29300","0.27100","11.78M","6.62%"
"Jan 27, 2020","0.27200","0.26500","0.27700","0.26400","10.49M","2.26%"
"Jan 26, 2020","0.26600","0.25800","0.26700","0.25700","14.64M","3.50%"
"Jan 25, 2020","0.25700","0.26800","0.26800","0.25600","14.24M","-4.10%"
"Jan 24, 2020","0.26800","0.25500","0.26900","0.25200","9.89M","5.10%"
"Jan 23, 2020","0.25500","0.26500","0.27100","0.25200","11.77M","-4.14%"
"Jan 22, 2020","0.26600","0.26600","0.27300","0.26300","9.92M","0.00%"
"Jan 21, 2020","0.26600","0.26000","0.26900","0.25900","11.06M","2.70%"
"Jan 20, 2020","0.25900","0.25700","0.26400","0.25200","11.07M","0.78%"
"Jan 19, 2020","0.25700","0.27400","0.27600","0.25100","12.34M","-6.20%"
"Jan 18, 2020","0.27400","0.27400","0.28500","0.26200","15.55M","0.37%"
"Jan 17, 2020","0.27300","0.26100","0.27600","0.26100","12.60M","4.60%"
"Jan 16, 2020","0.26100","0.26800","0.26800","0.25200","12.09M","-2.61%"
"Jan 15, 2020","0.26800","0.25700","0.28900","0.25200","17.30M","4.28%"
"Jan 14, 2020","0.25700","0.23400","0.26200","0.23400","15.00M","9.83%"
"Jan 13, 2020","0.23400","0.24300","0.24700","0.23300","7.92M","-3.70%"
"Jan 12, 2020","0.24300","0.23700","0.24600","0.23300","12.88M","2.53%"
"Jan 11, 2020","0.23700","0.22900","0.24300","0.22800","13.44M","3.49%"
"Jan 10, 2020","0.22900","0.21900","0.23000","0.21700","10.00M","4.57%"
"Jan 09, 2020","0.21900","0.22300","0.22700","0.21700","10.32M","-1.79%"
"Jan 08, 2020","0.22300","0.23900","0.24600","0.22300","11.27M","-6.30%"
"Jan 07, 2020","0.23800","0.23900","0.24300","0.22700","10.87M","0.00%"
"Jan 06, 2020","0.23800","0.21900","0.24300","0.21800","13.40M","9.17%"
"Jan 05, 2020","0.21800","0.21200","0.22500","0.21100","10.13M","2.83%"
"Jan 04, 2020","0.21200","0.21400","0.21600","0.21100","13.65M","-0.47%"
"Jan 03, 2020","0.21300","0.20800","0.21500","0.20500","11.43M","2.40%"
"Jan 02, 2020","0.20800","0.21500","0.21700","0.20700","11.73M","-3.26%"
"Jan 01, 2020","0.21500","0.21200","0.21700","0.21100","10.39M","1.42%"
"Dec 31, 2019","0.21200","0.20600","0.21800","0.20600","9.78M","2.42%"
"Dec 30, 2019","0.20700","0.21500","0.21700","0.20600","8.34M","-3.72%"
"Dec 29, 2019","0.21500","0.21400","0.21700","0.21100","6.65M","0.47%"
"Dec 28, 2019","0.21400","0.20700","0.21900","0.20700","7.68M","3.38%"
"Dec 27, 2019","0.20700","0.20800","0.21100","0.20400","8.44M","-0.48%"
"Dec 26, 2019","0.20800","0.20600","0.21000","0.20400","12.06M","1.46%"
"Dec 25, 2019","0.20500","0.21100","0.21100","0.20400","13.42M","-2.84%"
"Dec 24, 2019","0.21100","0.21400","0.21500","0.20800","11.77M","-1.86%"
"Dec 23, 2019","0.21500","0.21500","0.22000","0.21400","7.11M","0.00%"
"Dec 22, 2019","0.21500","0.21100","0.21700","0.20900","10.10M","1.90%"
"Dec 21, 2019","0.21100","0.21100","0.21300","0.20900","12.65M","0.00%"
"Dec 20, 2019","0.21100","0.21400","0.21400","0.20500","10.45M","-1.40%"
"Dec 19, 2019","0.21400","0.21200","0.22200","0.20800","16.11M","0.94%"
"Dec 18, 2019","0.21200","0.19700","0.21600","0.19100","14.22M","8.16%"
"Dec 17, 2019","0.19600","0.20300","0.20400","0.19500","12.70M","-3.45%"
"Dec 16, 2019","0.20300","0.21000","0.21100","0.20200","11.49M","-3.33%"
"Dec 15, 2019","0.21000","0.20900","0.21100","0.20600","9.18M","0.00%"
"Dec 14, 2019","0.21000","0.21300","0.21600","0.20600","12.02M","-1.41%"
"Dec 13, 2019","0.21300","0.21100","0.22000","0.20800","10.91M","0.95%"
"Dec 12, 2019","0.21100","0.21200","0.21300","0.20500","9.52M","-0.47%"
"Dec 11, 2019","0.21200","0.21200","0.21700","0.21100","13.16M","0.00%"
"Dec 10, 2019","0.21200","0.21700","0.21700","0.21000","9.19M","-2.30%"
"Dec 09, 2019","0.21700","0.22100","0.22700","0.21600","5.64M","-1.81%"
"Dec 08, 2019","0.22100","0.22100","0.22600","0.22000","4.61M","0.00%"
"Dec 07, 2019","0.22100","0.22300","0.22800","0.22000","6.36M","-0.90%"
"Dec 06, 2019","0.22300","0.22700","0.22900","0.21700","4.82M","-1.76%"
"Dec 05, 2019","0.22700","0.22000","0.23000","0.21600","7.29M","3.18%"
"Dec 04, 2019","0.22000","0.21400","0.22300","0.20600","8.42M","2.80%"
"Dec 03, 2019","0.21400","0.21500","0.22200","0.21100","3.57M","-0.47%"
"Dec 02, 2019","0.21500","0.22300","0.22700","0.21000","2.12M","-3.59%"
"Dec 01, 2019","0.22300","0.21900","0.22300","0.20600","2.25M","1.83%"
"Nov 30, 2019","0.21900","0.23200","0.23800","0.21600","2.77M","-5.60%"
"Nov 29, 2019","0.23200","0.21500","0.24100","0.21500","3.62M","7.41%"
"Nov 28, 2019","0.21600","0.21500","0.22200","0.20800","2.12M","0.47%"
"Nov 27, 2019","0.21500","0.21000","0.21800","0.19600","2.87M","2.38%"
"Nov 26, 2019","0.21000","0.21000","0.21200","0.20100","2.91M","0.00%"
"Nov 25, 2019","0.21000","0.19900","0.21400","0.18600","8.64M","6.06%"
"Nov 24, 2019","0.19800","0.22200","0.22300","0.19700","7.54M","-10.81%"
"Nov 23, 2019","0.22200","0.21500","0.22400","0.20500","6.46M","3.26%"
"Nov 22, 2019","0.21500","0.23000","0.23900","0.20000","10.98M","-6.52%"
"Nov 21, 2019","0.23000","0.25400","0.25500","0.22000","7.89M","-9.80%"
"Nov 20, 2019","0.25500","0.25100","0.26600","0.24400","6.67M","0.79%"
"Nov 19, 2019","0.25300","0.25600","0.25600","0.23700","11.43M","-1.17%"
"Nov 18, 2019","0.25600","0.28400","0.28500","0.25300","9.54M","-9.86%"
"Nov 17, 2019","0.28400","0.28500","0.28900","0.27800","11.61M","-0.35%"
"Nov 16, 2019","0.28500","0.28700","0.29100","0.28000","8.77M","-0.70%"
"Nov 15, 2019","0.28700","0.32400","0.32700","0.27200","11.87M","-11.42%"
"Nov 14, 2019","0.32400","0.34400","0.34500","0.31700","8.81M","-5.81%"
"Nov 13, 2019","0.34400","0.34200","0.35200","0.33200","9.29M","0.29%"
"Nov 12, 2019","0.34300","0.34200","0.35400","0.33300","9.77M","0.29%"
"Nov 11, 2019","0.34200","0.35400","0.35400","0.32700","8.96M","-3.39%"
"Nov 10, 2019","0.35400","0.32500","0.36200","0.31900","10.86M","8.92%"
"Nov 09, 2019","0.32500","0.32400","0.33600","0.31400","8.77M","0.31%"
"Nov 08, 2019","0.32400","0.35200","0.35600","0.30300","12.93M","-7.95%"
"Nov 07, 2019","0.35200","0.35900","0.36400","0.33000","10.95M","-1.95%"
"Nov 06, 2019","0.35900","0.35700","0.37200","0.34700","11.38M","0.56%"
"Nov 05, 2019","0.35700","0.37300","0.37500","0.34100","15.58M","-4.29%"
"Nov 04, 2019","0.37300","0.33100","0.41900","0.33000","28.51M","12.69%"
"Nov 03, 2019","0.33100","0.32800","0.33900","0.31000","8.92M","0.91%"
"Nov 02, 2019","0.32800","0.31700","0.34000","0.31500","11.23M","3.47%"
"Nov 01, 2019","0.31700","0.30300","0.32000","0.29700","9.78M","4.62%"
"Oct 31, 2019","0.30300","0.29800","0.31200","0.28600","7.88M","1.34%"
"Oct 30, 2019","0.29900","0.30200","0.34300","0.29000","16.20M","-0.99%"
"Oct 29, 2019","0.30200","0.29500","0.31300","0.28400","12.90M","2.37%"
"Oct 28, 2019","0.29500","0.32300","0.35300","0.29100","19.82M","-9.79%"
"Oct 27, 2019","0.32700","0.22700","0.35900","0.22500","30.57M","44.05%"
"Oct 26, 2019","0.22700","0.21700","0.24500","0.21700","13.67M","4.61%"
"Oct 25, 2019","0.21700","0.19700","0.21800","0.19200","9.44M","10.15%"
"Oct 24, 2019","0.19700","0.19600","0.19900","0.18800","10.85M","1.03%"
"Oct 23, 2019","0.19500","0.20400","0.20700","0.19200","6.31M","-4.41%"
"Oct 22, 2019","0.20400","0.20800","0.21200","0.20400","4.52M","-1.92%"
"Oct 21, 2019","0.20800","0.20800","0.21000","0.20500","4.61M","0.00%"
"Oct 20, 2019","0.20800","0.20700","0.20900","0.20100","3.44M","0.48%"
"Oct 19, 2019","0.20700","0.20700","0.21000","0.20300","5.61M","0.00%"
"Oct 18, 2019","0.20700","0.21300","0.21300","0.20300","4.11M","-2.82%"
"Oct 17, 2019","0.21300","0.20400","0.21700","0.20100","14.05M","4.41%"
"Oct 16, 2019","0.20400","0.20900","0.21400","0.20100","5.78M","-2.39%"
"Oct 15, 2019","0.20900","0.21500","0.22200","0.20900","6.01M","-2.79%"
"Oct 14, 2019","0.21500","0.20900","0.21600","0.20600","5.33M","2.87%"
"Oct 13, 2019","0.20900","0.20700","0.22000","0.20600","6.39M","0.97%"
"Oct 12, 2019","0.20700","0.22600","0.22700","0.20100","8.03M","-8.41%"
"Oct 11, 2019","0.22600","0.23400","0.23500","0.22100","6.89M","-3.42%"
"Oct 10, 2019","0.23400","0.23700","0.24400","0.23000","7.53M","-1.27%"
"Oct 09, 2019","0.23700","0.23100","0.24100","0.22800","6.19M","2.60%"
"Oct 08, 2019","0.23100","0.23300","0.23800","0.22900","3.28M","-0.86%"
"Oct 07, 2019","0.23300","0.22700","0.24000","0.22600","6.08M","2.64%"
"Oct 06, 2019","0.22700","0.23100","0.23200","0.22500","3.83M","-1.73%"
"Oct 05, 2019","0.23100","0.23400","0.23400","0.22900","4.54M","-1.28%"
"Oct 04, 2019","0.23400","0.23500","0.23600","0.23000","2.64M","-0.43%"
"Oct 03, 2019","0.23500","0.23900","0.23900","0.22900","3.83M","-1.67%"
"Oct 02, 2019","0.23900","0.23500","0.24000","0.23100","4.83M","1.70%"
"Oct 01, 2019","0.23500","0.23700","0.24300","0.23000","6.87M","-0.84%"
"Sep 30, 2019","0.23700","0.22800","0.24200","0.22200","5.88M","3.95%"
"Sep 29, 2019","0.22800","0.23600","0.23800","0.22200","5.32M","-3.39%"
"Sep 28, 2019","0.23600","0.24000","0.24000","0.23100","5.40M","-1.67%"
"Sep 27, 2019","0.24000","0.23300","0.24300","0.22700","6.09M","3.00%"
"Sep 26, 2019","0.23300","0.23600","0.24700","0.22700","5.68M","-1.27%"
"Sep 25, 2019","0.23600","0.24500","0.25500","0.22700","8.20M","-3.28%"
"Sep 24, 2019","0.24400","0.28600","0.29000","0.23400","8.63M","-14.69%"
"Sep 23, 2019","0.28600","0.30000","0.30100","0.28300","5.15M","-4.67%"
"Sep 22, 2019","0.30000","0.30400","0.30600","0.29600","7.15M","-1.32%"
"Sep 21, 2019","0.30400","0.30800","0.31200","0.30000","5.72M","-0.98%"
"Sep 20, 2019","0.30700","0.31400","0.31700","0.30200","7.36M","-2.54%"
"Sep 19, 2019","0.31500","0.32600","0.32600","0.28800","9.80M","-3.37%"
"Sep 18, 2019","0.32600","0.29300","0.33300","0.29200","6.41M","11.26%"
"Sep 17, 2019","0.29300","0.28200","0.29900","0.28000","5.97M","3.90%"
"Sep 16, 2019","0.28200","0.28700","0.28800","0.27800","3.94M","-1.74%"
"Sep 15, 2019","0.28700","0.28600","0.28900","0.28300","4.53M","0.35%"
"Sep 14, 2019","0.28600","0.28200","0.28900","0.28000","5.25M","1.42%"
"Sep 13, 2019","0.28200","0.28100","0.28600","0.28000","4.40M","0.36%"
"Sep 12, 2019","0.28100","0.27300","0.28600","0.27300","4.10M","2.93%"
"Sep 11, 2019","0.27300","0.28700","0.28700","0.27000","4.34M","-4.88%"
"Sep 10, 2019","0.28700","0.28700","0.29600","0.25900","4.15M","0.00%"
"Sep 09, 2019","0.28700","0.28600","0.28800","0.27200","2.07M","0.35%"
"Sep 08, 2019","0.28600","0.28600","0.29200","0.28200","2.63M","0.00%"
"Sep 07, 2019","0.28600","0.27500","0.28800","0.26800","2.90M","4.00%"
"Sep 06, 2019","0.27500","0.26600","0.31300","0.26500","6.50M","3.38%"
"Sep 05, 2019","0.26600","0.28400","0.28800","0.26100","4.73M","-6.34%"
"Sep 04, 2019","0.28400","0.30000","0.30100","0.28100","3.75M","-5.33%"
"Sep 03, 2019","0.30000","0.30000","0.31400","0.29500","9.17M","0.00%"
"Sep 02, 2019","0.30000","0.28700","0.30200","0.28600","2.59M","4.53%"
"Sep 01, 2019","0.28700","0.29900","0.30500","0.28000","5.96M","-4.01%"
"Aug 31, 2019","0.29900","0.31200","0.31200","0.29200","3.33M","-4.17%"
"Aug 30, 2019","0.31200","0.30100","0.31400","0.29800","4.32M","3.65%"
"Aug 29, 2019","0.30100","0.32700","0.32700","0.29400","7.38M","-7.95%"
"Aug 28, 2019","0.32700","0.33500","0.35800","0.32500","15.84M","-2.39%"
"Aug 27, 2019","0.33500","0.35200","0.35200","0.32700","8.20M","-4.83%"
"Aug 26, 2019","0.35200","0.35300","0.36800","0.34700","8.56M","-0.28%"
"Aug 25, 2019","0.35300","0.35600","0.35900","0.34900","7.33M","-0.84%"
"Aug 24, 2019","0.35600","0.35800","0.36300","0.35100","6.78M","-0.56%"
"Aug 23, 2019","0.35800","0.35900","0.36400","0.35500","8.11M","-0.28%"
"Aug 22, 2019","0.35900","0.35400","0.36400","0.34300","8.96M","1.70%"
"Aug 21, 2019","0.35300","0.36600","0.37100","0.34500","9.25M","-4.08%"
"Aug 20, 2019","0.36800","0.37500","0.37500","0.36400","7.57M","-1.87%"
"Aug 19, 2019","0.37500","0.37200","0.38200","0.37000","7.73M","0.81%"
"Aug 18, 2019","0.37200","0.37400","0.38400","0.36000","8.72M","-0.27%"
"Aug 17, 2019","0.37300","0.35800","0.38000","0.35200","10.39M","4.48%"
"Aug 16, 2019","0.35700","0.35700","0.36700","0.34500","8.82M","0.00%"
"Aug 15, 2019","0.35700","0.35400","0.36400","0.32800","10.78M","0.85%"
"Aug 14, 2019","0.35400","0.38200","0.38800","0.35300","8.29M","-7.33%"
"Aug 13, 2019","0.38200","0.38500","0.39400","0.37400","9.22M","-0.78%"
"Aug 12, 2019","0.38500","0.38600","0.39400","0.38200","7.01M","-0.26%"
"Aug 11, 2019","0.38600","0.38000","0.38800","0.37500","6.62M","1.58%"
"Aug 10, 2019","0.38000","0.38600","0.38900","0.37300","8.97M","-1.81%"
"Aug 09, 2019","0.38700","0.39900","0.39900","0.38100","9.31M","-3.01%"
"Aug 08, 2019","0.39900","0.39700","0.40100","0.39000","10.66M","0.76%"
"Aug 07, 2019","0.39600","0.40200","0.40900","0.39600","9.44M","-1.74%"
"Aug 06, 2019","0.40300","0.42800","0.42800","0.40100","9.62M","-5.18%"
"Aug 05, 2019","0.42500","0.41300","0.43800","0.40600","13.22M","2.66%"
"Aug 04, 2019","0.41400","0.42200","0.43200","0.39500","11.14M","-1.90%"
"Aug 03, 2019","0.42200","0.44400","0.45500","0.41700","9.98M","-4.95%"
"Aug 02, 2019","0.44400","0.41200","0.46700","0.40900","15.48M","7.77%"
"Aug 01, 2019","0.41200","0.41000","0.41400","0.40000","8.15M","0.49%"
"Jul 31, 2019","0.41000","0.40100","0.41500","0.40100","7.38M","2.24%"
"Jul 30, 2019","0.40100","0.39400","0.40900","0.39000","8.02M","1.26%"
"Jul 29, 2019","0.39600","0.39800","0.40300","0.39100","9.42M","-0.50%"
"Jul 28, 2019","0.39800","0.39900","0.41900","0.38300","10.15M","-0.50%"
"Jul 27, 2019","0.40000","0.40300","0.43700","0.39500","12.48M","-0.74%"
"Jul 26, 2019","0.40300","0.39300","0.40800","0.38600","7.10M","2.54%"
"Jul 25, 2019","0.39300","0.39700","0.41500","0.39100","7.31M","-1.01%"
"Jul 24, 2019","0.39700","0.37800","0.40300","0.36700","8.72M","5.03%"
"Jul 23, 2019","0.37800","0.39700","0.39800","0.36800","9.46M","-4.55%"
"Jul 22, 2019","0.39600","0.40900","0.41200","0.39100","4.74M","-3.18%"
"Jul 21, 2019","0.40900","0.42900","0.43200","0.39800","5.00M","-4.66%"
"Jul 20, 2019","0.42900","0.40600","0.45500","0.40400","8.07M","5.67%"
"Jul 19, 2019","0.40600","0.41500","0.42400","0.39700","7.19M","-2.17%"
"Jul 18, 2019","0.41500","0.39700","0.42600","0.38600","11.61M","4.27%"
"Jul 17, 2019","0.39800","0.37900","0.40900","0.37200","13.59M","5.01%"
"Jul 16, 2019","0.37900","0.43200","0.44500","0.36600","11.78M","-12.27%"
"Jul 15, 2019","0.43200","0.35500","0.45200","0.34100","17.04M","21.69%"
"Jul 14, 2019","0.35500","0.41200","0.41500","0.35500","9.52M","-13.83%"
"Jul 13, 2019","0.41200","0.43700","0.44100","0.40400","3.29M","-5.72%"
"Jul 12, 2019","0.43700","0.42400","0.44300","0.41100","7.37M","3.07%"
"Jul 11, 2019","0.42400","0.47200","0.48400","0.40700","17.74M","-10.36%"
"Jul 10, 2019","0.47300","0.53000","0.54100","0.46400","17.59M","-10.42%"
"Jul 09, 2019","0.52800","0.54700","0.54900","0.52200","9.78M","-3.47%"
"Jul 08, 2019","0.54700","0.54000","0.55600","0.52800","7.27M","1.30%"
"Jul 07, 2019","0.54000","0.54700","0.54800","0.52900","4.94M","-1.28%"
"Jul 06, 2019","0.54700","0.51700","0.58600","0.51700","10.65M","5.60%"
"Jul 05, 2019","0.51800","0.54800","0.55600","0.50600","12.87M","-5.65%"
"Jul 04, 2019","0.54900","0.59600","0.59700","0.54800","7.33M","-7.89%"
"Jul 03, 2019","0.59600","0.59000","0.59900","0.56600","8.73M","1.02%"
"Jul 02, 2019","0.59000","0.59300","0.63500","0.54100","12.83M","-0.51%"
"Jul 01, 2019","0.59300","0.64100","0.64700","0.56100","14.90M","-7.49%"
"Jun 30, 2019","0.64100","0.68300","0.69700","0.63100","12.73M","-6.15%"
"Jun 29, 2019","0.68300","0.70500","0.74000","0.61900","24.87M","-3.53%"
"Jun 28, 2019","0.70800","0.70000","0.75300","0.60800","26.21M","1.29%"
"Jun 27, 2019","0.69900","0.90000","0.90000","0.64500","25.96M","-22.25%"
"Jun 26, 2019","0.89900","0.95400","0.97300","0.88100","17.59M","-5.86%"
"Jun 25, 2019","0.95500","0.96600","0.99200","0.94000","14.19M","-1.24%"
"Jun 24, 2019","0.96700","0.99300","1.00900","0.95600","13.38M","-2.62%"
"Jun 23, 2019","0.99300","1.02000","1.03800","0.99000","12.46M","-2.84%"
"Jun 22, 2019","1.02200","0.97300","1.04100","0.95700","13.88M","4.61%"
"Jun 21, 2019","0.97700","0.99200","1.00800","0.96900","11.90M","-1.61%"
"Jun 20, 2019","0.99300","0.98200","1.02500","0.93300","19.05M","1.02%"
"Jun 19, 2019","0.98300","1.00600","1.01100","0.96100","14.44M","-2.19%"
"Jun 18, 2019","1.00500","1.04900","1.05200","0.99400","15.93M","-4.10%"
"Jun 17, 2019","1.04800","1.04200","1.06400","1.02000","10.94M","0.38%"
"Jun 16, 2019","1.04400","1.05200","1.06900","1.03000","12.00M","-0.48%"
"Jun 15, 2019","1.04900","1.03700","1.07100","1.02900","12.32M","0.96%"
"Jun 14, 2019","1.03900","1.02600","1.05200","1.01500","13.45M","1.27%"
"Jun 13, 2019","1.02600","1.05000","1.06200","1.01300","16.15M","-1.91%"
"Jun 12, 2019","1.04600","0.99500","1.07900","0.98000","20.70M","5.13%"
"Jun 11, 2019","0.99500","1.01300","1.03900","0.97000","22.74M","-1.39%"
"Jun 10, 2019","1.00900","1.00100","1.03700","0.93000","21.84M","0.60%"
"Jun 09, 2019","1.00300","1.05300","1.05800","0.96600","14.67M","-4.75%"
"Jun 08, 2019","1.05300","1.08300","1.08300","1.04700","10.41M","-2.41%"
"Jun 07, 2019","1.07900","1.04700","1.09400","1.03300","11.86M","3.25%"
"Jun 06, 2019","1.04500","1.06900","1.07900","0.99400","15.39M","-2.25%"
"Jun 05, 2019","1.06900","1.03900","1.09000","1.03400","13.43M","3.29%"
"Jun 04, 2019","1.03500","1.08000","1.10400","1.00700","15.23M","-4.26%"
"Jun 03, 2019","1.08100","1.09500","1.15000","1.06900","13.64M","-1.28%"
"Jun 02, 2019","1.09500","1.09700","1.13300","1.06100","13.20M","-0.27%"
"Jun 01, 2019","1.09800","1.13000","1.16600","1.09100","14.84M","-2.83%"
"May 31, 2019","1.13000","1.07000","1.15300","1.06600","16.54M","5.81%"
"May 30, 2019","1.06800","1.07600","1.19800","1.04400","21.09M","-1.29%"
"May 29, 2019","1.08200","1.07700","1.16000","1.04500","20.05M","-0.64%"
"May 28, 2019","1.08900","0.97300","1.14000","0.96100","21.75M","11.92%"
"May 27, 2019","0.97300","0.95800","1.01500","0.94500","13.79M","1.57%"
"May 26, 2019","0.95800","0.91100","0.96100","0.90400","12.42M","4.93%"
"May 25, 2019","0.91300","0.91100","0.94400","0.89600","11.60M","0.22%"
"May 24, 2019","0.91100","0.92400","0.95100","0.90000","14.58M","-1.41%"
"May 23, 2019","0.92400","0.92510","0.97760","0.85210","15.19M","-0.53%"
"May 22, 2019","0.92890","0.92520","0.98260","0.90770","17.62M","0.32%"
"May 21, 2019","0.92590","0.88400","0.92970","0.87640","14.86M","4.74%"
"May 20, 2019","0.88400","0.92330","0.92330","0.87150","13.62M","-4.35%"
"May 19, 2019","0.92420","0.85050","0.92800","0.84170","13.49M","8.11%"
"May 18, 2019","0.85490","0.87260","0.88940","0.85020","13.72M","-2.01%"
"May 17, 2019","0.87240","0.93120","0.93370","0.81210","19.73M","-6.49%"
"May 16, 2019","0.93290","0.90890","0.99990","0.85750","25.02M","3.66%"
"May 15, 2019","0.90000","0.86140","0.90160","0.84150","17.76M","4.59%"
"May 14, 2019","0.86050","0.85740","0.90000","0.82120","14.58M","0.12%"
"May 13, 2019","0.85950","0.80220","0.90360","0.80010","17.94M","6.58%"
"May 12, 2019","0.80640","0.93950","0.97270","0.76990","21.46M","-13.84%"
"May 11, 2019","0.93590","0.99990","1.04500","0.89720","28.52M","-6.66%"
"May 10, 2019","1.00270","0.82610","1.05370","0.80160","32.14M","20.60%"
"May 09, 2019","0.83140","0.75710","0.83770","0.75710","16.69M","9.80%"
"May 08, 2019","0.75720","0.76800","0.78570","0.72630","17.81M","-1.66%"
"May 07, 2019","0.77000","0.68040","0.85420","0.67760","22.49M","12.90%"
"May 06, 2019","0.68200","0.67130","0.68810","0.64880","10.75M","1.58%"
"May 05, 2019","0.67140","0.67840","0.68880","0.65210","9.14M","-1.06%"
"May 04, 2019","0.67860","0.69940","0.71270","0.66580","11.04M","-2.93%"
"May 03, 2019","0.69910","0.68740","0.70270","0.66610","9.68M","1.72%"
"May 02, 2019","0.68730","0.69250","0.69340","0.66800","8.44M","-0.72%"
"May 01, 2019","0.69230","0.64620","0.70310","0.64540","12.95M","7.30%"
"Apr 30, 2019","0.64520","0.63000","0.64880","0.62510","10.45M","2.76%"
"Apr 29, 2019","0.62790","0.62130","0.65940","0.61960","12.07M","1.37%"
"Apr 28, 2019","0.61940","0.64780","0.64880","0.61870","11.33M","-4.22%"
"Apr 27, 2019","0.64670","0.62680","0.65340","0.62150","12.15M","3.24%"
"Apr 26, 2019","0.62640","0.61090","0.63160","0.59250","14.03M","1.89%"
"Apr 25, 2019","0.61480","0.63450","0.65900","0.59000","15.67M","-3.06%"
"Apr 24, 2019","0.63420","0.66390","0.69800","0.58880","17.98M","-4.37%"
"Apr 23, 2019","0.66320","0.62940","0.70800","0.62130","17.80M","5.93%"
"Apr 22, 2019","0.62610","0.63520","0.63600","0.60090","13.23M","-0.79%"
"Apr 21, 2019","0.63110","0.69940","0.70460","0.60400","14.65M","-9.56%"
"Apr 20, 2019","0.69780","0.72410","0.77150","0.66200","15.74M","-4.07%"
"Apr 19, 2019","0.72740","0.74130","0.74340","0.71690","10.48M","-2.13%"
"Apr 18, 2019","0.74320","0.72970","0.76890","0.72470","12.22M","1.74%"
"Apr 17, 2019","0.73050","0.74420","0.75260","0.71890","14.12M","-1.83%"
"Apr 16, 2019","0.74410","0.74230","0.76890","0.70010","14.12M","-0.53%"
"Apr 15, 2019","0.74810","0.75740","0.82700","0.73130","16.89M","-1.21%"
"Apr 14, 2019","0.75730","0.76640","0.76640","0.68550","22.35M","-1.16%"
"Apr 13, 2019","0.76620","0.77500","0.81990","0.73100","15.42M","-1.19%"
"Apr 12, 2019","0.77540","0.77770","0.86800","0.72940","24.50M","-1.74%"
"Apr 11, 2019","0.78910","0.85720","0.89990","0.65090","40.43M","-7.89%"
"Apr 10, 2019","0.85670","1.08200","1.15380","0.79550","44.70M","-20.68%"
"Apr 09, 2019","1.08000","0.64970","1.08000","0.64540","45.31M","66.18%"
"Apr 08, 2019","0.64990","0.61370","0.65820","0.58560","15.36M","5.95%"
"Apr 07, 2019","0.61340","0.60040","0.62580","0.58500","16.12M","2.17%"
"Apr 06, 2019","0.60040","0.58680","0.63120","0.57410","12.24M","2.51%"
"Apr 05, 2019","0.58570","0.57240","0.61440","0.57240","11.63M","1.99%"
"Apr 04, 2019","0.57430","0.58200","0.59770","0.54990","15.32M","-1.36%"
"Apr 03, 2019","0.58220","0.62510","0.67550","0.55930","22.28M","-7.25%"
"Apr 02, 2019","0.62770","0.49270","0.69330","0.47480","25.60M","27.43%"
"Apr 01, 2019","0.49260","0.49770","0.50980","0.46080","11.76M","-1.04%"
"Mar 31, 2019","0.49780","0.51180","0.51320","0.48390","11.83M","-2.74%"
"Mar 30, 2019","0.51180","0.50210","0.54880","0.49170","13.73M","1.77%"
"Mar 29, 2019","0.50290","0.50850","0.51150","0.49700","9.69M","-0.98%"
"Mar 28, 2019","0.50790","0.51410","0.51780","0.48970","11.05M","-1.32%"
"Mar 27, 2019","0.51470","0.48640","0.52520","0.48330","13.92M","5.73%"
"Mar 26, 2019","0.48680","0.51700","0.51960","0.44980","16.76M","-5.86%"
"Mar 25, 2019","0.51710","0.49720","0.55000","0.49040","20.23M","3.15%"
"Mar 24, 2019","0.50130","0.50260","0.51260","0.47710","13.42M","-0.26%"
"Mar 23, 2019","0.50260","0.48260","0.52000","0.47170","18.93M","4.21%"
"Mar 22, 2019","0.48230","0.49320","0.54890","0.46550","22.90M","-2.05%"
"Mar 21, 2019","0.49240","0.56330","0.56430","0.46000","27.12M","-12.07%"
"Mar 20, 2019","0.56000","0.44340","0.64980","0.43200","49.68M","25.98%"
"Mar 19, 2019","0.44450","0.34510","0.44990","0.34460","23.54M","28.62%"
"Mar 18, 2019","0.34560","0.34900","0.35960","0.34220","10.74M","-0.69%"
"Mar 17, 2019","0.34800","0.35520","0.35770","0.34000","11.65M","-2.22%"
"Mar 16, 2019","0.35590","0.36860","0.37310","0.34850","17.13M","-4.48%"
"Mar 15, 2019","0.37260","0.31650","0.37350","0.31610","21.17M","17.10%"
"Mar 14, 2019","0.31820","0.30950","0.32230","0.30950","9.16M","2.81%"
"Mar 13, 2019","0.30950","0.31760","0.32120","0.30610","573.96K","-2.55%"
"Mar 12, 2019","0.31760","0.31360","0.32450","0.29510","4.51M","1.11%"
"Mar 11, 2019","0.31410","0.31130","0.33000","0.30300","14.05M","0.74%"
"Mar 10, 2019","0.31180","0.30230","0.31690","0.29410","13.22M","3.14%"
"Mar 09, 2019","0.30230","0.28520","0.31800","0.28450","16.62M","5.33%"
"Mar 08, 2019","0.28700","0.30010","0.31230","0.28200","18.04M","-4.46%"
"Mar 07, 2019","0.30040","0.29050","0.32500","0.28580","18.82M","3.91%"
"Mar 06, 2019","0.28910","0.28650","0.30490","0.28010","12.89M","0.63%"
"Mar 05, 2019","0.28730","0.27680","0.29450","0.26550","15.30M","3.79%"
"Mar 04, 2019","0.27680","0.28770","0.30070","0.27200","19.30M","-2.05%"
"Mar 03, 2019","0.28260","0.26950","0.32210","0.26950","20.83M","4.20%"
"Mar 02, 2019","0.27120","0.27820","0.28010","0.26500","10.30M","-2.38%"
"Mar 01, 2019","0.27780","0.27070","0.28660","0.26960","11.34M","2.58%"
"Feb 28, 2019","0.27080","0.26750","0.27330","0.26700","9.59M","1.27%"
"Feb 27, 2019","0.26740","0.27450","0.28180","0.26170","10.45M","-2.52%"
"Feb 26, 2019","0.27430","0.27060","0.28840","0.26720","12.93M","1.07%"
"Feb 25, 2019","0.27140","0.25900","0.28250","0.25400","16.89M","4.51%"
"Feb 24, 2019","0.25970","0.30750","0.33440","0.25870","19.12M","-15.98%"
"Feb 23, 2019","0.30910","0.27840","0.31600","0.27570","22.11M","10.87%"
"Feb 22, 2019","0.27880","0.26520","0.28360","0.25810","15.08M","5.09%"
"Feb 21, 2019","0.26530","0.25970","0.27850","0.25570","15.30M","2.43%"
"Feb 20, 2019","0.25900","0.25820","0.26790","0.24420","12.87M","0.70%"
"Feb 19, 2019","0.25720","0.24270","0.27900","0.24110","18.52M","6.46%"
"Feb 18, 2019","0.24160","0.23760","0.24980","0.23220","13.73M","1.26%"
"Feb 17, 2019","0.23860","0.23480","0.24070","0.23050","12.39M","1.92%"
"Feb 16, 2019","0.23410","0.22470","0.23650","0.22410","11.79M","4.42%"
"Feb 15, 2019","0.22420","0.23080","0.23200","0.22260","11.35M","-2.78%"
"Feb 14, 2019","0.23060","0.23410","0.23650","0.22850","9.87M","-1.54%"
"Feb 13, 2019","0.23420","0.23020","0.24240","0.22940","11.85M","1.74%"
"Feb 12, 2019","0.23020","0.23410","0.23600","0.22750","10.01M","-1.92%"
"Feb 11, 2019","0.23470","0.23590","0.23680","0.23060","10.79M","-0.13%"
"Feb 10, 2019","0.23500","0.23420","0.23890","0.22720","13.00M","-0.30%"
"Feb 09, 2019","0.23570","0.23470","0.23860","0.23070","12.95M","0.64%"
"Feb 08, 2019","0.23420","0.21830","0.24220","0.21540","15.48M","7.09%"
"Feb 07, 2019","0.21870","0.21370","0.22130","0.21320","11.72M","2.10%"
"Feb 06, 2019","0.21420","0.22300","0.22300","0.21130","12.17M","-3.08%"
"Feb 05, 2019","0.22100","0.21590","0.22540","0.21360","10.69M","2.41%"
"Feb 04, 2019","0.21580","0.21730","0.22590","0.21370","12.23M","-0.42%"
"Feb 03, 2019","0.21670","0.22240","0.22290","0.21560","10.43M","-2.61%"
"Feb 02, 2019","0.22250","0.21330","0.22320","0.21210","12.48M","4.17%"
"Feb 01, 2019","0.21360","0.21380","0.21880","0.21030","11.20M","-0.33%"
"Jan 31, 2019","0.21430","0.21680","0.22180","0.21280","11.72M","-1.15%"
"Jan 30, 2019","0.21680","0.21330","0.22380","0.20790","11.92M","1.12%"
"Jan 29, 2019","0.21440","0.21590","0.22210","0.20550","12.86M","-1.33%"
"Jan 28, 2019","0.21730","0.22620","0.23860","0.21010","13.20M","-4.32%"
"Jan 27, 2019","0.22710","0.22810","0.23180","0.22500","10.57M","-0.26%"
"Jan 26, 2019","0.22770","0.22720","0.23360","0.22560","10.69M","0.71%"
"Jan 25, 2019","0.22610","0.23190","0.23990","0.22460","11.01M","-2.37%"
"Jan 24, 2019","0.23160","0.23230","0.23780","0.22560","11.46M","-0.90%"
"Jan 23, 2019","0.23370","0.24340","0.26290","0.23280","15.95M","-3.87%"
"Jan 22, 2019","0.24310","0.22160","0.27790","0.21670","16.80M","10.25%"
"Jan 21, 2019","0.22050","0.21860","0.22730","0.21620","12.08M","0.64%"
"Jan 20, 2019","0.21910","0.22780","0.23240","0.21460","12.28M","-3.65%"
"Jan 19, 2019","0.22740","0.22410","0.23260","0.22200","11.14M","2.34%"
"Jan 18, 2019","0.22220","0.22380","0.22830","0.22000","12.37M","-0.71%"
"Jan 17, 2019","0.22380","0.22660","0.23010","0.21860","10.92M","-2.27%"
"Jan 16, 2019","0.22900","0.21840","0.23030","0.21740","11.82M","4.61%"
"Jan 15, 2019","0.21890","0.22510","0.23300","0.21750","12.92M","-2.58%"
"Jan 14, 2019","0.22470","0.22120","0.23670","0.21510","15.10M","1.81%"
"Jan 13, 2019","0.22070","0.23580","0.23860","0.22030","14.57M","-7.46%"
"Jan 12, 2019","0.23850","0.23770","0.24060","0.22900","13.20M","-0.17%"
"Jan 11, 2019","0.23890","0.22520","0.24040","0.22430","12.77M","6.27%"
"Jan 10, 2019","0.22480","0.26280","0.27180","0.21890","18.16M","-14.20%"
"Jan 09, 2019","0.26200","0.26110","0.26760","0.25870","11.29M","0.27%"
"Jan 08, 2019","0.26130","0.26530","0.26560","0.25770","9.66M","-1.62%"
"Jan 07, 2019","0.26560","0.26790","0.27030","0.26000","10.35M","-0.86%"
"Jan 06, 2019","0.26790","0.26320","0.27190","0.26140","12.50M","1.67%"
"Jan 05, 2019","0.26350","0.26520","0.26930","0.26060","13.06M","-1.27%"
"Jan 04, 2019","0.26690","0.25670","0.27370","0.25510","14.84M","2.93%"
"Jan 03, 2019","0.25930","0.26280","0.27880","0.25150","16.23M","-1.48%"
"Jan 02, 2019","0.26320","0.25860","0.26410","0.25150","13.88M","4.44%"
"Jan 01, 2019","0.25200","0.25670","0.26000","0.24530","14.99M","-2.55%"
"Dec 31, 2018","0.25860","0.25050","0.27890","0.24840","19.79M","3.03%"
"Dec 30, 2018","0.25100","0.23810","0.27950","0.22610","19.32M","4.63%"
"Dec 29, 2018","0.23990","0.24390","0.25290","0.22970","14.81M","-0.62%"
"Dec 28, 2018","0.24140","0.21510","0.25060","0.21510","16.31M","9.33%"
"Dec 27, 2018","0.22080","0.24640","0.25080","0.21280","14.03M","-11.25%"
"Dec 26, 2018","0.24880","0.23550","0.25650","0.23390","15.97M","4.19%"
"Dec 25, 2018","0.23880","0.27810","0.27960","0.22860","21.71M","-13.95%"
"Dec 24, 2018","0.27750","0.28760","0.30990","0.27710","20.91M","-2.05%"
"Dec 23, 2018","0.28330","0.26760","0.29140","0.26250","19.64M","5.87%"
"Dec 22, 2018","0.26760","0.25790","0.27040","0.25210","16.39M","3.76%"
"Dec 21, 2018","0.25790","0.28000","0.29130","0.25360","25.30M","-7.89%"
"Dec 20, 2018","0.28000","0.23920","0.28000","0.23920","25.61M","17.06%"
"Dec 19, 2018","0.23920","0.24930","0.27810","0.23920","22.33M","-3.94%"
"Dec 18, 2018","0.24900","0.24050","0.24900","0.23400","14.81M","4.27%"
"Dec 17, 2018","0.23880","0.22330","0.24960","0.22080","17.86M","8.20%"
"Dec 16, 2018","0.22070","0.22100","0.23000","0.22000","14.50M","0.09%"
"Dec 15, 2018","0.22050","0.22090","0.23600","0.21570","16.85M","-0.27%"
"Dec 14, 2018","0.22110","0.21630","0.23330","0.21510","23.87M","2.41%"
"Dec 13, 2018","0.21590","0.23150","0.23650","0.21320","18.53M","-6.58%"
"Dec 12, 2018","0.23110","0.21130","0.25200","0.20820","17.44M","10.00%"
"Dec 11, 2018","0.21010","0.21540","0.22630","0.20610","16.77M","-2.10%"
"Dec 10, 2018","0.21460","0.22400","0.22780","0.21310","15.29M","-4.03%"
"Dec 09, 2018","0.22360","0.22380","0.23160","0.21110","15.76M","3.52%"
"Dec 08, 2018","0.21600","0.25500","0.25740","0.20520","21.22M","-15.26%"
"Dec 07, 2018","0.25490","0.21630","0.26050","0.18800","20.10M","17.63%"
"Dec 06, 2018","0.21670","0.25060","0.25480","0.21580","16.49M","-13.56%"
"Dec 05, 2018","0.25070","0.25430","0.28500","0.24820","18.76M","-1.45%"
"Dec 04, 2018","0.25440","0.25730","0.26490","0.24200","16.46M","-1.13%"
"Dec 03, 2018","0.25730","0.28450","0.28450","0.25000","15.81M","-9.24%"
"Dec 02, 2018","0.28350","0.27870","0.32000","0.26090","18.69M","1.47%"
"Dec 01, 2018","0.27940","0.25030","0.35000","0.24810","26.25M","11.49%"
"Nov 30, 2018","0.25060","0.29200","0.29850","0.23510","21.24M","-14.59%"
"Nov 29, 2018","0.29340","0.36940","0.37600","0.27700","24.39M","-20.51%"
"Nov 28, 2018","0.36910","0.17640","0.38950","0.17490","53.57M","108.06%"
"Nov 27, 2018","0.17740","0.17220","0.17740","0.16210","14.88M","3.56%"
"Nov 26, 2018","0.17130","0.18640","0.19210","0.16500","17.57M","-10.22%"
"Nov 25, 2018","0.19080","0.19650","0.20310","0.16570","19.03M","-2.90%"
"Nov 24, 2018","0.19650","0.21500","0.22100","0.19300","15.99M","-8.82%"
"Nov 23, 2018","0.21550","0.22830","0.22950","0.20090","17.47M","-6.87%"
"Nov 22, 2018","0.23140","0.24290","0.25640","0.22480","14.89M","-4.73%"
"Nov 21, 2018","0.24290","0.22860","0.25410","0.22060","17.87M","4.11%"
"Nov 20, 2018","0.23330","0.26620","0.27910","0.20290","18.20M","-13.11%"
"Nov 19, 2018","0.26850","0.30750","0.30960","0.25700","18.91M","-12.48%"
"Nov 18, 2018","0.30680","0.30580","0.31230","0.30200","12.43M","0.39%"
"Nov 17, 2018","0.30560","0.30770","0.31090","0.29300","15.31M","-1.45%"
"Nov 16, 2018","0.31010","0.31380","0.34740","0.29750","11.47M","-2.15%"
"Nov 15, 2018","0.31690","0.32420","0.32490","0.27910","18.47M","-0.97%"
"Nov 14, 2018","0.32000","0.38040","0.38090","0.31000","17.51M","-15.81%"
"Nov 13, 2018","0.38010","0.39560","0.39680","0.37490","13.78M","-3.43%"
"Nov 12, 2018","0.39360","0.39480","0.39990","0.38910","10.39M","-0.25%"
"Nov 11, 2018","0.39460","0.40150","0.40390","0.38830","9.75M","-1.47%"
"Nov 10, 2018","0.40050","0.39630","0.40730","0.39290","10.12M","1.06%"
"Nov 09, 2018","0.39630","0.40600","0.40710","0.39170","8.60M","-2.49%"
"Nov 08, 2018","0.40640","0.41610","0.41920","0.40360","10.50M","-2.40%"
"Nov 07, 2018","0.41640","0.40960","0.42790","0.40960","14.88M","1.51%"
"Nov 06, 2018","0.41020","0.40740","0.41800","0.40000","9.91M","1.06%"
"Nov 05, 2018","0.40590","0.41710","0.41720","0.40500","9.57M","-2.69%"
"Nov 04, 2018","0.41710","0.41430","0.41820","0.40850","10.81M","0.68%"
"Nov 03, 2018","0.41430","0.42240","0.42340","0.41320","9.95M","-1.96%"
"Nov 02, 2018","0.42260","0.42020","0.42380","0.41600","9.96M","0.48%"
"Nov 01, 2018","0.42060","0.42410","0.42980","0.41210","10.39M","-0.83%"
"Oct 31, 2018","0.42410","0.41460","0.43290","0.40950","12.02M","2.27%"
"Oct 30, 2018","0.41470","0.41890","0.43120","0.41270","10.37M","-1.07%"
"Oct 29, 2018","0.41920","0.43600","0.44780","0.41420","12.90M","-3.74%"
"Oct 28, 2018","0.43550","0.42560","0.44950","0.41870","13.21M","2.40%"
"Oct 27, 2018","0.42530","0.43320","0.43580","0.42060","14.30M","-2.12%"
"Oct 26, 2018","0.43450","0.43800","0.44960","0.43090","13.32M","-0.73%"
"Oct 25, 2018","0.43770","0.44150","0.44740","0.43010","15.10M","-0.86%"
"Oct 24, 2018","0.44150","0.45020","0.45790","0.43780","1.80M","-1.93%"
"Oct 23, 2018","0.45020","0.44000","0.45860","0.43680","443.02K","2.32%"
"Oct 22, 2018","0.44000","0.45140","0.45760","0.42870","852.65K","-2.53%"
"Oct 21, 2018","0.45140","0.46180","0.48340","0.45140","1.02M","-2.25%"
"Oct 20, 2018","0.46180","0.42510","0.48500","0.42080","1.44M","8.63%"
"Oct 19, 2018","0.42510","0.43600","0.43700","0.41800","720.72K","-2.50%"
"Oct 18, 2018","0.43600","0.45040","0.45310","0.43380","852.10K","-3.20%"
"Oct 17, 2018","0.45040","0.45710","0.45710","0.44110","1.54M","-1.47%"
"Oct 16, 2018","0.45710","0.45100","0.47070","0.44040","657.78K","1.35%"
"Oct 15, 2018","0.45100","0.43730","0.48680","0.43000","1.11M","3.27%"
"Oct 14, 2018","0.43670","0.44540","0.45400","0.43010","293.05K","-1.95%"
"Oct 13, 2018","0.44540","0.44890","0.45400","0.43710","329.07K","-0.78%"
"Oct 12, 2018","0.44890","0.42170","0.50000","0.41230","934.87K","6.45%"
"Oct 11, 2018","0.42170","0.48900","0.49360","0.42150","667.03K","-13.76%"
"Oct 10, 2018","0.48900","0.49760","0.50590","0.44070","1.15M","-1.73%"
"Oct 09, 2018","0.49760","0.50860","0.51090","0.48990","478.95K","-2.16%"
"Oct 08, 2018","0.50860","0.49600","0.51600","0.49550","642.62K","2.54%"
"Oct 07, 2018","0.49600","0.50090","0.51000","0.49000","551.42K","-0.98%"
"Oct 06, 2018","0.50090","0.51370","0.51370","0.49610","483.54K","-2.49%"
"Oct 05, 2018","0.51370","0.50800","0.51670","0.50180","460.86K","1.12%"
"Oct 04, 2018","0.50800","0.51310","0.52200","0.50540","417.74K","-0.80%"
"Oct 03, 2018","0.51210","0.51870","0.52000","0.50150","580.36K","-1.27%"
"Oct 02, 2018","0.51870","0.52450","0.53850","0.51320","889.03K","-1.11%"
"Oct 01, 2018","0.52450","0.52370","0.53230","0.50660","584.67K","0.15%"
"Sep 30, 2018","0.52370","0.53120","0.53680","0.52240","652.53K","-1.19%"
"Sep 29, 2018","0.53000","0.53360","0.55000","0.52010","1.18M","-0.67%"
"Sep 28, 2018","0.53360","0.52240","0.59500","0.52000","4.08M","2.14%"
"Sep 27, 2018","0.52240","0.50730","0.53710","0.50450","1.67M","2.98%"
"Sep 26, 2018","0.50730","0.51040","0.52350","0.50000","1.55M","-0.61%"
"Sep 25, 2018","0.51040","0.50880","0.51790","0.48000","1.56M","0.08%"
"Sep 24, 2018","0.51000","0.51830","0.57550","0.50630","2.46M","-1.60%"
"Sep 23, 2018","0.51830","0.50730","0.53380","0.50730","746.29K","2.17%"
"Sep 22, 2018","0.50730","0.54190","0.55790","0.49740","1.45M","-6.78%"
"Sep 21, 2018","0.54420","0.51120","0.54490","0.50020","2.15M","6.37%"
"Sep 20, 2018","0.51160","0.49360","0.51320","0.48680","1.34M","3.65%"
"Sep 19, 2018","0.49360","0.50560","0.50590","0.47360","2.65M","-2.37%"
"Sep 18, 2018","0.50560","0.49180","0.51230","0.46880","6.06M","2.81%"
"Sep 17, 2018","0.49180","0.51410","0.53110","0.47520","7.46M","-3.83%"
"Sep 16, 2018","0.51140","0.51880","0.52440","0.50050","8.89M","-1.58%"
"Sep 15, 2018","0.51960","0.51280","0.54320","0.49510","12.03M","1.72%"
"Sep 14, 2018","0.51080","0.55200","0.55720","0.49030","15.71M","-7.91%"
"Sep 13, 2018","0.55470","0.48170","0.58270","0.48120","18.24M","14.92%"
"Sep 12, 2018","0.48270","0.48220","0.50440","0.43620","12.73M","-0.17%"
"Sep 11, 2018","0.48350","0.50530","0.51370","0.45880","12.60M","-4.31%"
"Sep 10, 2018","0.50530","0.52730","0.52990","0.49010","12.06M","-3.64%"
"Sep 09, 2018","0.52440","0.52380","0.55190","0.50020","14.44M","-0.40%"
"Sep 08, 2018","0.52650","0.57930","0.59440","0.50280","16.68M","-8.55%"
"Sep 07, 2018","0.57570","0.47220","0.67490","0.46760","37.89M","21.97%"
"Sep 06, 2018","0.47200","0.44410","0.47690","0.41000","15.77M","7.18%"
"Sep 05, 2018","0.44040","0.55670","0.56210","0.43960","17.01M","-21.29%"
"Sep 04, 2018","0.55950","0.54980","0.57190","0.54000","10.02M","1.76%"
"Sep 03, 2018","0.54980","0.55020","0.56500","0.53010","11.28M","0.53%"
"Sep 02, 2018","0.54690","0.57420","0.57510","0.53830","11.04M","-4.75%"
"Sep 01, 2018","0.57420","0.54170","0.58760","0.54080","13.12M","5.24%"
"Aug 31, 2018","0.54560","0.54090","0.56410","0.53010","11.91M","0.87%"
"Aug 30, 2018","0.54090","0.52740","0.55710","0.50000","14.31M","2.31%"
"Aug 29, 2018","0.52870","0.57480","0.58090","0.51570","15.01M","-8.40%"
"Aug 28, 2018","0.57720","0.50090","0.58920","0.49620","14.24M","15.42%"
"Aug 27, 2018","0.50010","0.46980","0.50200","0.46530","12.31M","6.72%"