Date,Price,Open,High,Low,Vol.,Change %
14-Apr-17,0.9899,0.9939,0.996,0.9689,71.65K,-0.40%
15-Apr-17,0.9896,0.9899,0.9899,0.9676,14.92K,-0.03%
16-Apr-17,0.9515,0.9896,0.9896,0.9515,12.41K,-3.85%
17-Apr-17,0.9392,0.9515,0.9698,0.9211,38.75K,-1.29%
18-Apr-17,0.945,0.9392,0.9628,0.9207,39.25K,0.62%
19-Apr-17,0.946,0.945,0.9549,0.9372,28.87K,0.11%
20-Apr-17,0.949,0.946,0.9549,0.92,76.29K,0.32%
21-Apr-17,0.9363,0.949,0.95,0.9,61.12K,-1.34%
22-Apr-17,0.915,0.9363,0.95,0.915,118.03K,-2.27%
23-Apr-17,0.915,0.915,0.94,0.901,76.41K,0.00%
24-Apr-17,0.915,0.915,0.9286,0.901,79.09K,0.00%
25-Apr-17,0.904,0.915,0.925,0.89,100.97K,-1.20%
26-Apr-17,0.9201,0.904,0.9367,0.903,52.90K,1.78%
27-Apr-17,0.92,0.9201,0.937,0.9199,47.57K,-0.01%
28-Apr-17,0.94,0.92,0.9649,0.9199,75.78K,2.17%
29-Apr-17,0.931,0.94,0.9524,0.931,25.58K,-0.96%
30-Apr-17,0.935,0.931,0.9529,0.912,74.27K,0.43%
1-May-17,0.9156,0.935,0.94,0.9151,34.19K,-2.07%
2-May-17,0.9283,0.9156,0.94,0.9121,57.01K,1.39%
3-May-17,0.9347,0.9283,0.948,0.9212,76.23K,0.69%
4-May-17,0.959,0.9347,0.9639,0.9155,198.89K,2.60%
5-May-17,0.979,0.959,0.98,0.9306,196.71K,2.09%
6-May-17,0.983,0.979,0.9929,0.955,56.41K,0.41%
7-May-17,0.9281,0.983,0.983,0.928,59.90K,-5.58%
8-May-17,0.9711,0.9281,0.972,0.9281,69.67K,4.63%
9-May-17,0.97,0.9711,0.978,0.9527,462.52K,-0.11%
10-May-17,0.994,0.97,0.9946,0.965,253.82K,2.47%
11-May-17,0.9725,0.994,0.9986,0.9475,309.21K,-2.16%
12-May-17,0.9811,0.9725,0.9928,0.9601,34.44K,0.88%
13-May-17,0.9778,0.9811,0.9857,0.956,29.36K,-0.34%
14-May-17,0.98,0.9778,0.9886,0.9615,82.51K,0.22%
15-May-17,0.9773,0.98,0.992,0.9722,88.55K,-0.28%
16-May-17,0.9897,0.9773,0.9898,0.97,53.56K,1.27%
17-May-17,0.9766,0.9897,0.9897,0.9702,23.83K,-1.32%
18-May-17,0.9799,0.9766,0.9868,0.9703,24.74K,0.34%
19-May-17,0.9983,0.9799,0.9983,0.9706,234.10K,1.88%
20-May-17,0.99,0.9983,0.999,0.9801,200.80K,-0.83%
21-May-17,0.9956,0.99,1,0.977,129.30K,0.57%
22-May-17,1,0.9956,1,0.9768,309.60K,0.44%
23-May-17,0.999,1,1.02,0.9827,206.72K,-0.10%
24-May-17,1.01,0.999,1.02,0.9801,387.87K,1.10%
25-May-17,1,1.01,1.07,0.984,182.73K,-0.99%
26-May-17,1.02,1,1.05,1,205.32K,2.00%
27-May-17,1,1.02,1.05,1,258.25K,-1.96%
28-May-17,1,1,1.04,1,293.18K,0.00%
29-May-17,1.04,1,1.04,1,259.80K,4.00%
30-May-17,1.02,1.04,1.04,1.01,451.24K,-1.92%
31-May-17,1.06,1.02,1.07,1,311.73K,3.92%
1-Jun-17,1.04,1.06,1.06,1.01,316.04K,-1.89%
2-Jun-17,1.03,1.04,1.06,1.03,178.29K,-0.96%
3-Jun-17,1.03,1.03,1.05,1.01,203.33K,0.00%
4-Jun-17,1.02,1.03,1.05,1.02,121.69K,-0.97%
5-Jun-17,1.02,1.02,1.03,1.02,139.63K,0.00%
6-Jun-17,1.01,1.02,1.04,1.01,332.98K,-0.98%
7-Jun-17,1.02,1.01,1.02,1.01,269.60K,0.99%
8-Jun-17,1.01,1.02,1.02,1,260.08K,-0.98%
9-Jun-17,1,1.01,1.01,0.999,229.01K,-0.99%
10-Jun-17,1,1,1.01,0.9995,292.68K,0.00%
11-Jun-17,0.9951,1,1.01,0.984,197.30K,-0.49%
12-Jun-17,1,0.9951,1.01,0.995,485.62K,0.49%
13-Jun-17,1.01,1,1.04,1,432.60K,1.00%
14-Jun-17,1.01,1.01,1.07,1.01,390.17K,0.00%
15-Jun-17,1.02,1.01,1.06,1.01,536.47K,0.99%
16-Jun-17,1.01,1.02,1.05,1.01,308.66K,-0.98%
17-Jun-17,1.01,1.01,1.02,1.01,149.82K,0.00%
18-Jun-17,1.02,1.01,1.02,1.01,294.65K,0.99%
19-Jun-17,1,1.02,1.02,1,194.48K,-1.96%
20-Jun-17,1,1,1.01,1,136.28K,0.00%
21-Jun-17,1.01,1,1.01,1,355.75K,1.00%
22-Jun-17,1.01,1.01,1.02,1,755.48K,0.00%
23-Jun-17,1,1.01,1.01,0.9969,500.18K,-0.99%
24-Jun-17,1.02,1,1.02,0.9969,1.06M,2.00%
25-Jun-17,1,1.02,1.02,0.999,283.24K,-1.96%
26-Jun-17,1,1,1.02,1,734.98K,0.00%
27-Jun-17,1.01,1,1.01,0.993,1.30M,1.00%
28-Jun-17,1.02,1.01,1.03,1.01,1.56M,0.99%
29-Jun-17,1.02,1.02,1.03,1,551.05K,0.00%
30-Jun-17,1.01,1.02,1.02,1.01,344.15K,-0.98%
1-Jul-17,1.01,1.01,1.03,1.01,1.29M,0.00%
2-Jul-17,1.03,1.01,1.04,1.01,644.01K,1.98%
3-Jul-17,1.01,1.03,1.03,1.01,498.71K,-1.94%
4-Jul-17,1.01,1.01,1.02,1.01,394.42K,0.00%
5-Jul-17,1.01,1.01,1.01,1.01,647.89K,0.00%
6-Jul-17,1.01,1.01,1.03,1.01,553.52K,0.00%
7-Jul-17,1.01,1.01,1.02,1.01,608.89K,0.00%
8-Jul-17,1.01,1.01,1.02,1.01,309.97K,0.00%
9-Jul-17,1.01,1.01,1.01,1.01,232.80K,0.00%
10-Jul-17,1.01,1.01,1.01,1,988.75K,0.00%
11-Jul-17,1.01,1.01,1.01,1,920.95K,0.00%
12-Jul-17,1.01,1.01,1.01,1,823.34K,0.00%
13-Jul-17,1,1.01,1.01,1,1.10M,-0.99%
14-Jul-17,1,1,1.01,1,694.81K,0.00%
15-Jul-17,0.999,1,1.01,0.999,1.04M,-0.10%
16-Jul-17,0.99,0.999,1,0.9803,345.22K,-0.90%
17-Jul-17,1,0.99,1,0.981,574.38K,1.01%
18-Jul-17,1,1,1.01,0.9943,872.84K,0.00%
19-Jul-17,1,1,1,1,523.02K,0.00%
20-Jul-17,1,1,1,0.9951,1.03M,0.00%
21-Jul-17,1,1,1.01,0.9962,497.25K,0.00%
22-Jul-17,0.9976,1,1,0.9975,284.09K,-0.24%
23-Jul-17,1,0.9976,1,0.9941,1.02M,0.24%
24-Jul-17,0.9969,1,1,0.9951,631.28K,-0.31%
25-Jul-17,0.9869,0.9969,1,0.983,456.30K,-1.00%
26-Jul-17,0.9985,0.9869,1,0.9869,862.75K,1.18%
27-Jul-17,0.9993,0.9985,1,0.9918,587.17K,0.08%
28-Jul-17,1,0.9993,1,0.9966,1.70M,0.07%
29-Jul-17,1,1,1.01,0.9984,886.65K,0.00%
30-Jul-17,1,1,1.01,0.9991,497.44K,0.00%
31-Jul-17,1,1,1.01,1,504.89K,0.00%
1-Aug-17,1,1,1.01,0.995,997.74K,0.00%
2-Aug-17,0.9991,1,1,0.965,584.48K,-0.09%
3-Aug-17,0.9931,0.9991,1,0.9902,656.84K,-0.60%
4-Aug-17,1,0.9931,1,0.9931,410.03K,0.69%
5-Aug-17,1,1,1,0.9972,713.50K,0.00%
6-Aug-17,1,1,1,0.9983,671.21K,0.00%
7-Aug-17,1,1,1,0.9972,900.68K,0.00%
8-Aug-17,1,1,1,0.9974,381.38K,0.00%
9-Aug-17,1,1,1,0.9982,729.91K,0.00%
10-Aug-17,1,1,1,0.9985,531.50K,0.00%
11-Aug-17,1,1,1,0.98,1.34M,0.00%
12-Aug-17,1.01,1,1.01,1,845.13K,1.00%
13-Aug-17,1,1.01,1.01,1,922.34K,-0.99%
14-Aug-17,1,1,1,0.9844,806.77K,0.00%
15-Aug-17,1,1,1,0.9891,2.02M,0.00%
16-Aug-17,1,1,1,1,494.99K,0.00%
17-Aug-17,0.9999,1,1,0.9872,951.05K,-0.01%
18-Aug-17,1,0.9999,1,0.9902,704.93K,0.01%
19-Aug-17,1,1,1.01,0.9999,868.09K,0.00%
20-Aug-17,1,1,1.01,1,309.44K,0.00%
21-Aug-17,1.01,1,1.01,1,603.09K,1.00%
22-Aug-17,1.01,1.01,1.02,1,313.75K,0.00%
23-Aug-17,1.01,1.01,1.04,1.01,318.87K,0.00%
24-Aug-17,1.01,1.01,1.01,1.01,199.40K,0.00%
25-Aug-17,1.01,1.01,1.01,1,254.25K,0.00%
26-Aug-17,1.01,1.01,1.01,1.01,118.21K,0.00%
27-Aug-17,1,1.01,1.01,1,215.74K,-0.99%
28-Aug-17,1,1,1,1,396.39K,0.00%
29-Aug-17,1.01,1,1.02,1,484.44K,1.00%
30-Aug-17,1,1.01,1.01,1,215.58K,-0.99%
31-Aug-17,1,1,1.01,1,280.34K,0.00%
1-Sep-17,1.01,1,1.07,1,450.60K,1.00%
2-Sep-17,1.02,1.01,1.05,1,443.86K,0.99%
3-Sep-17,1.02,1.02,1.05,1.01,609.39K,0.00%
4-Sep-17,1.04,1.02,1.05,1.01,900.37K,1.96%
5-Sep-17,1.02,1.04,1.05,1.01,1.33M,-1.92%
6-Sep-17,1.02,1.02,1.04,1.02,774.82K,0.00%
7-Sep-17,1.01,1.02,1.02,1.01,638.66K,-0.98%
8-Sep-17,1.02,1.01,1.03,1.01,781.49K,0.99%
9-Sep-17,1.01,1.02,1.02,1.01,490.86K,-0.98%
10-Sep-17,1.01,1.01,1.03,1.01,746.24K,0.00%
11-Sep-17,1.01,1.01,1.02,1,604.55K,0.00%
12-Sep-17,1,1.01,1.01,1,549.13K,-0.99%
13-Sep-17,1,1,1.01,1,756.34K,0.00%
14-Sep-17,1.01,1,1.01,1,1.31M,1.00%
15-Sep-17,1.01,1.01,1.01,0.9953,1.08M,0.00%
16-Sep-17,1.01,1.01,1.03,1,785.28K,0.00%
17-Sep-17,1.01,1.01,1.02,1,405.02K,0.00%
18-Sep-17,1,1.01,1.02,1,649.94K,-0.99%
19-Sep-17,1,1,1.01,1,471.48K,0.00%
20-Sep-17,1,1,1.01,1,667.52K,0.00%
21-Sep-17,1,1,1.01,1,608.22K,0.00%
22-Sep-17,1,1,1.01,1,297.07K,0.00%
23-Sep-17,1,1,1,0.9882,793.12K,0.00%
24-Sep-17,0.9998,1,1,0.996,299.82K,-0.02%
25-Sep-17,1,0.9998,1,0.995,986.00K,0.02%
26-Sep-17,0.9998,1,1.01,0.9995,941.22K,-0.02%
27-Sep-17,0.9986,0.9998,1,0.992,888.14K,-0.12%
28-Sep-17,0.9979,0.9986,1,0.9952,753.34K,-0.07%
29-Sep-17,0.9984,0.9979,1,0.9939,947.81K,0.05%
30-Sep-17,0.9998,0.9984,0.9999,0.9905,778.54K,0.14%
1-Oct-17,0.9928,0.9998,0.9998,0.9909,558.11K,-0.70%
2-Oct-17,0.9936,0.9928,0.9979,0.9906,707.42K,0.08%
3-Oct-17,0.9998,0.9936,0.9999,0.9926,848.30K,0.62%
4-Oct-17,0.9961,0.9998,1,0.993,1.17M,-0.37%
5-Oct-17,0.9984,0.9961,1,0.996,883.34K,0.23%
6-Oct-17,0.9969,0.9984,0.9999,0.994,1.07M,-0.15%
7-Oct-17,0.9943,0.9969,0.9984,0.9933,864.73K,-0.26%
8-Oct-17,0.9954,0.9943,0.9972,0.9933,975.74K,0.11%
9-Oct-17,0.997,0.9954,0.9972,0.9949,984.54K,0.16%
10-Oct-17,0.9942,0.997,0.9972,0.9941,1.09M,-0.28%
11-Oct-17,0.9962,0.9942,0.9972,0.993,1.19M,0.20%
12-Oct-17,0.9937,0.9962,0.9972,0.9904,1.16M,-0.25%
13-Oct-17,0.9945,0.9937,0.9972,0.9915,1.21M,0.08%
14-Oct-17,0.9958,0.9945,0.998,0.9921,910.26K,0.13%
15-Oct-17,0.9992,0.9958,1,0.9952,722.57K,0.34%
16-Oct-17,0.9924,0.9992,1,0.98,1.00M,-0.68%
17-Oct-17,1,0.9924,1,0.9874,1.81M,0.77%
18-Oct-17,1,1,1.01,0.9997,442.52K,0.00%
19-Oct-17,0.9999,1,1.01,0.9989,568.02K,-0.01%
20-Oct-17,0.9994,0.9999,1,0.9971,511.25K,-0.05%
21-Oct-17,0.999,0.9994,1,0.97,1.16M,-0.04%
22-Oct-17,1,0.999,1.01,0.9981,666.03K,0.10%
23-Oct-17,1,1,1.01,1,982.14K,0.00%
24-Oct-17,1,1,1.01,1,1.22M,0.00%
25-Oct-17,1,1,1.01,1,1.15M,0.00%
26-Oct-17,1,1,1.01,1,1.02M,0.00%
27-Oct-17,1.01,1,1.01,1,1.08M,1.00%
28-Oct-17,1,1.01,1.01,1,1.00M,-0.99%
29-Oct-17,1,1,1.01,1,1.07M,0.00%
30-Oct-17,1,1,1,0.9972,1.22M,0.00%
31-Oct-17,0.9999,1,1.01,0.997,1.28M,-0.01%
1-Nov-17,1,0.9999,1.01,0.996,1.34M,0.01%
2-Nov-17,1,1,1.01,1,367.21K,0.00%
3-Nov-17,1,1,1.01,1,554.42K,0.00%
4-Nov-17,1,1,1.01,1,906.48K,0.00%
5-Nov-17,1,1,1.01,1,656.30K,0.00%
6-Nov-17,1,1,1.02,1,826.58K,0.00%
7-Nov-17,1,1,1.01,1,376.92K,0.00%
8-Nov-17,1.01,1,1.01,1,747.89K,1.00%
9-Nov-17,1.01,1.01,1.01,1,845.99K,0.00%
10-Nov-17,1,1.01,1.02,0.999,1.41M,-0.99%
11-Nov-17,1.01,1,1.01,1,905.09K,1.00%
12-Nov-17,1,1.01,1.02,1,959.65K,-0.99%
13-Nov-17,1.01,1,1.02,1,556.04K,1.00%
14-Nov-17,1.01,1.01,1.02,1.01,279.28K,0.00%
15-Nov-17,1,1.01,1.02,1,819.44K,-0.99%
16-Nov-17,0.985,1,1,0.985,1.25M,-1.50%
17-Nov-17,1,0.985,1,0.983,675.88K,1.52%
18-Nov-17,0.9987,1,1.01,0.9901,743.66K,-0.13%
19-Nov-17,0.9943,0.9987,1,0.989,868.08K,-0.44%
20-Nov-17,0.9947,0.9943,0.9995,0.9006,989.23K,0.04%
21-Nov-17,0.9807,0.9947,0.997,0.96,673.37K,-1.41%
22-Nov-17,0.9985,0.9807,1,0.9789,840.34K,1.82%
23-Nov-17,0.995,0.9985,0.999,0.98,317.83K,-0.35%
24-Nov-17,0.991,0.995,1,0.986,634.30K,-0.40%
25-Nov-17,0.997,0.991,0.9986,0.988,272.51K,0.61%
26-Nov-17,0.9961,0.997,1,0.9883,504.13K,-0.09%
27-Nov-17,0.9978,0.9961,1,0.991,462.45K,0.17%
28-Nov-17,0.9924,0.9978,0.9978,0.9791,531.30K,-0.54%
29-Nov-17,0.9988,0.9924,0.999,0.95,1.47M,0.64%
30-Nov-17,1.01,0.9988,1.02,0.9959,1.61M,1.12%
1-Dec-17,1.01,1.01,1.03,1,457.32K,0.00%
2-Dec-17,0.9959,1.01,1.01,0.9826,970.82K,-1.40%
3-Dec-17,0.9977,0.9959,0.998,0.984,1.30M,0.18%
4-Dec-17,1,0.9977,1,0.986,2.91M,0.23%
5-Dec-17,1,1,1,0.985,1.74M,0.00%
6-Dec-17,1.01,1,1.03,0.9967,2.48M,1.00%
7-Dec-17,1.01,1.01,1.05,1,1.75M,0.00%
8-Dec-17,1.01,1.01,1.05,1,631.93K,0.00%
9-Dec-17,1,1.01,1.02,1,488.25K,-0.99%
10-Dec-17,1,1,1.02,1,983.31K,0.00%
11-Dec-17,1.01,1,1.02,1,896.91K,1.00%
12-Dec-17,1.02,1.01,1.03,1,1.19M,0.99%
13-Dec-17,1,1.02,1.05,1,1.12M,-1.96%
14-Dec-17,1,1,1.03,1,1.06M,0.00%
15-Dec-17,1,1,1.02,1,1.21M,0.00%
16-Dec-17,1.01,1,1.01,1,884.80K,1.00%
17-Dec-17,0.9958,1.01,1.01,0.99,1.60M,-1.41%
18-Dec-17,0.9985,0.9958,1.01,0.9953,2.09M,0.27%
19-Dec-17,1.01,0.9985,1.03,0.99,2.18M,1.15%
20-Dec-17,0.9945,1.01,1.01,0.9909,1.89M,-1.53%
21-Dec-17,0.995,0.9945,1,0.9713,1.75M,0.05%
22-Dec-17,1.03,0.995,1.04,0.9802,4.50M,3.52%
23-Dec-17,1.03,1.03,1.04,1.01,2.50M,0.00%
24-Dec-17,1.02,1.03,1.06,1.01,3.85M,-0.97%
25-Dec-17,1.01,1.02,1.03,1,3.45M,-0.98%
26-Dec-17,1,1.01,1.02,0.9993,2.87M,-0.99%
27-Dec-17,1.01,1,1.01,0.9952,1.77M,1.00%
28-Dec-17,1.02,1.01,1.03,1,5.00M,0.99%
29-Dec-17,1.02,1.02,1.02,1.01,1.81M,0.00%
30-Dec-17,1.02,1.02,1.03,1.02,4.03M,0.00%
31-Dec-17,1.02,1.02,1.03,1.01,973.14K,0.00%
1-Jan-18,1.01,1.02,1.03,1.01,1.62M,-0.98%
2-Jan-18,1.02,1.01,1.02,1.01,915.82K,0.99%
3-Jan-18,1.01,1.02,1.02,1,1.09M,-0.98%
4-Jan-18,1.02,1.01,1.02,1.01,2.31M,0.99%
5-Jan-18,1,1.02,1.02,0.9993,3.27M,-1.96%
6-Jan-18,1,1,1.01,0.9955,1.81M,0.00%
7-Jan-18,0.997,1,1,0.99,1.21M,-0.30%
8-Jan-18,1,0.997,1,0.972,3.22M,0.30%
9-Jan-18,1.01,1,1.01,1,2.50M,1.00%
10-Jan-18,1,1.01,1.01,0.996,3.03M,-0.99%
11-Jan-18,0.9942,1,1.0089,0.9942,1.24M,-0.58%
13-Jan-18,1.01,1.017,1.017,0.9926,773.77K,1.59%
14-Jan-18,1.0082,1.01,1.019,0.9996,5.07M,-0.18%
15-Jan-18,1.0034,1.0082,1.013,1,5.82M,-0.48%
16-Jan-18,1.03,1.0034,1.0434,1.0018,8.32M,2.65%
17-Jan-18,1.0126,1.03,1.045,1.0023,11.23M,-1.69%
18-Jan-18,1.0235,1.0126,1.0779,1.0118,4.57M,1.08%
19-Jan-18,1.0174,1.0235,1.06,1.015,7.38M,-0.60%
20-Jan-18,1.0122,1.0174,1.02,1.0054,3.13M,-0.51%
21-Jan-18,1.0068,1.0122,1.016,1.0051,2.31M,-0.53%
22-Jan-18,1.0093,1.0068,1.015,1.0027,4.13M,0.25%
23-Jan-18,1.003,1.0093,1.0115,1.0001,5.88M,-0.62%
24-Jan-18,1.0036,1.003,1.0088,1.0013,4.81M,0.06%
25-Jan-18,1.0028,1.0036,1.0084,0.9964,4.77M,-0.08%
26-Jan-18,1.0004,1.0028,1.0054,0.9968,3.10M,-0.24%
27-Jan-18,0.995,1.0004,1.0087,0.995,4.90M,-0.54%
28-Jan-18,0.9795,0.995,0.997,0.934,5.22M,-1.56%
29-Jan-18,0.9913,0.9795,0.998,0.95,6.18M,1.20%
30-Jan-18,0.9803,0.9913,0.9997,0.9751,14.07M,-1.11%
31-Jan-18,0.985,0.9803,0.9988,0.9765,5.99M,0.48%
1-Feb-18,0.9794,0.985,0.9946,0.97,11.72M,-0.57%
2-Feb-18,0.9883,0.9794,0.9897,0.94,10.26M,0.91%
3-Feb-18,0.9916,0.9883,0.9968,0.9811,3.67M,0.33%
4-Feb-18,0.9914,0.9916,0.9968,0.985,3.04M,-0.02%
5-Feb-18,0.9842,0.9914,0.9964,0.982,7.56M,-0.73%
6-Feb-18,1.0003,0.9842,1.0045,0.97,10.21M,1.64%
7-Feb-18,0.9986,1.0003,1.0138,0.995,3.39M,-0.17%
8-Feb-18,0.9975,0.9986,1.0035,0.995,1.73M,-0.11%
9-Feb-18,1.0011,0.9975,1.0071,0.997,1.72M,0.36%
10-Feb-18,1.0004,1.0011,1.0071,1,2.99M,-0.07%
11-Feb-18,0.9997,1.0004,1.005,0.9981,2.54M,-0.07%
12-Feb-18,0.9992,0.9997,1.0039,0.998,1.51M,-0.05%
13-Feb-18,1,0.9992,1.0049,0.998,1.58M,0.08%
14-Feb-18,1.0008,1,1.0045,0.9995,1.65M,0.08%
15-Feb-18,1.0031,1.0008,1.0071,1.0003,2.36M,0.23%
16-Feb-18,1.0027,1.0031,1.0043,1.0015,1.69M,-0.04%
17-Feb-18,1.0047,1.0021,1.0062,1.0011,1.38M,0.20%
18-Feb-18,1.0048,1.0047,1.014,1.0022,3.38M,0.01%
19-Feb-18,1.002,1.0048,1.0071,1.0016,1.70M,-0.28%
20-Feb-18,1.0012,1.002,1.0094,1,2.78M,-0.08%
21-Feb-18,1.002,1.0012,1.0059,0.997,4.11M,0.08%
22-Feb-18,1.0008,1.002,1.0027,0.999,3.80M,-0.12%
23-Feb-18,1.0001,1.0008,1.0024,1.0001,2.79M,-0.07%
24-Feb-18,1.0012,1.0001,1.0026,1.0001,2.33M,0.11%
25-Feb-18,1.0008,1.0012,1.005,1.0002,2.83M,-0.04%
26-Feb-18,1.0005,1.0008,1.0035,0.9995,4.39M,-0.03%
27-Feb-18,1.0011,1.0005,1.0033,1.0005,1.03M,0.06%
28-Feb-18,0.9999,1.0011,1.0021,0.9995,2.05M,-0.12%
1-Mar-18,0.9998,0.9999,1.0039,0.9983,3.72M,-0.01%
2-Mar-18,0.9991,0.9998,1.001,0.999,844.88K,-0.07%
3-Mar-18,0.9996,0.9991,1.0008,0.999,902.85K,0.05%
4-Mar-18,1,0.9991,1.0008,0.9991,980.94K,0.04%
5-Mar-18,0.9997,1,1,0.9997,2.53M,-0.03%
6-Mar-18,1.0002,1,1.0003,0.9996,2.76M,0.05%
7-Mar-18,1.0012,1.0002,1.002,0.9996,2.39M,0.10%
8-Mar-18,1.0011,1.0012,1.006,0.9995,5.02M,-0.01%
9-Mar-18,1.0014,1.0011,1.007,0.9991,2.66M,0.03%
10-Mar-18,1.0017,1.0014,1.0078,0.9999,1.20M,0.03%
11-Mar-18,1.0008,1.0017,1.0039,0.9995,957.06K,-0.09%
12-Mar-18,0.9999,1.0008,1.0049,0.9984,1.09M,-0.09%
13-Mar-18,1.0008,0.9999,1.004,0.998,1.97M,0.09%
14-Mar-18,0.9984,1.0008,1.0029,0.9944,1.78M,-0.24%
15-Mar-18,0.9994,0.9984,1.005,0.992,4.35M,0.10%
16-Mar-18,1,0.9994,1.0014,0.9965,1.25M,0.06%
17-Mar-18,1.001,1,1.0014,0.9924,963.31K,0.10%
18-Mar-18,0.9969,1.001,1.002,0.9921,2.70M,-0.41%
19-Mar-18,1,0.9969,1.0038,0.99,1.95M,0.31%
20-Mar-18,1.0013,1,1.003,0.997,1.78M,0.13%
21-Mar-18,1.0007,1.0013,1.0013,0.992,1.02M,-0.06%
22-Mar-18,1.0003,1.0007,1.0012,0.9996,927.74K,-0.04%
23-Mar-18,1.0001,1.0003,1.001,0.9983,1.50M,-0.02%
24-Mar-18,1.0009,1.0001,1.0009,0.9983,677.45K,0.08%
25-Mar-18,1.0006,1.0009,1.001,0.9981,586.83K,-0.03%
26-Mar-18,1.001,1.0006,1.001,0.998,1.23M,0.04%
27-Mar-18,1.0005,1.001,1.0027,0.9984,1.47M,-0.05%
28-Mar-18,0.9996,1.0005,1.002,0.9988,718.50K,-0.09%
29-Mar-18,0.9974,0.9996,1.0037,0.995,2.95M,-0.22%
30-Mar-18,0.995,0.9974,1.0012,0.9925,2.52M,-0.24%
31-Mar-18,0.9972,0.995,1.0004,0.995,341.58K,0.22%
1-Apr-18,0.9999,0.9972,1.0012,0.9935,1.97M,0.27%
2-Apr-18,0.9996,0.9999,1.0012,0.9975,614.54K,-0.03%
3-Apr-18,1,0.9996,1.0012,0.9953,1.16M,0.04%
4-Apr-18,0.9996,1,1.0013,0.9953,1.67M,-0.04%
5-Apr-18,0.9991,0.9996,1.0007,0.9972,925.83K,-0.05%
6-Apr-18,0.9999,0.9991,1.0008,0.9972,1.04M,0.08%
7-Apr-18,1.0012,0.9999,1.0023,0.9972,2.98M,0.13%
8-Apr-18,0.9977,1.0012,1.0012,0.9951,1.49M,-0.35%
9-Apr-18,0.9987,0.9977,1.0018,0.9977,858.68K,0.10%
10-Apr-18,0.9999,0.9987,1,0.9984,418.47K,0.12%
11-Apr-18,0.9995,0.9999,1,0.998,752.36K,-0.04%
12-Apr-18,0.9991,0.9995,1,0.995,2.36M,-0.04%
13-Apr-18,1,0.9991,1.0022,0.9981,2.80M,0.09%
14-Apr-18,1.0002,1,1.0022,0.9997,783.00K,0.02%
15-Apr-18,1.0003,1.0002,1.001,0.9983,722.99K,0.01%
16-Apr-18,0.9997,1.0002,1.0029,0.9982,1.94M,-0.06%
17-Apr-18,0.999,0.9997,1.0029,0.9986,1.06M,-0.07%
18-Apr-18,0.9996,0.999,1.001,0.9982,897.88K,0.06%
19-Apr-18,0.9998,0.9996,1.0008,0.999,593.48K,0.02%
20-Apr-18,1.0024,0.9998,1.0028,0.9997,1.56M,0.26%
21-Apr-18,1.0004,1.0024,1.003,1.0001,898.91K,-0.20%
22-Apr-18,1.0034,1.0004,1.0045,1.0001,667.31K,0.30%
23-Apr-18,1.0023,1.0034,1.0044,1.0005,712.70K,-0.11%
24-Apr-18,1.0017,1.0023,1.0043,1,0.07K,-0.06%
25-Apr-18,1.0005,1.0018,1.0044,1.0001,3.52M,-0.12%
26-Apr-18,1.0004,1.0005,1.007,1.0001,3.44M,-0.01%
27-Apr-18,1.0009,1.0004,1.0043,0.999,1.89M,0.05%
28-Apr-18,1.0005,1.0009,1.0015,1.0005,1.63M,-0.04%
29-Apr-18,1.001,1.0005,1.003,0.9991,1.93M,0.05%
30-Apr-18,1.0002,1.001,1.0046,0.9998,1.66M,-0.08%
1-May-18,1.001,1.0002,1.0041,0.9998,1.74M,0.08%
2-May-18,0.9996,1.001,1.002,0.9996,2.37M,-0.14%
3-May-18,0.9965,0.9996,0.9999,0.9939,3.55M,-0.31%
4-May-18,0.9982,0.9965,1.0002,0.9951,4.59M,0.17%
5-May-18,0.993,0.9982,0.9999,0.9922,1.66M,-0.52%
6-May-18,0.9937,0.993,0.9992,0.989,1.09M,0.07%
7-May-18,0.999,0.9937,1,0.989,1.99M,0.53%
8-May-18,1.0001,0.999,1.0012,0.9956,5.91M,0.11%
9-May-18,1,1.0001,1.0003,0.999,3.58M,-0.01%
10-May-18,0.999,1,1.0007,0.999,5.78M,-0.10%
11-May-18,0.9992,0.999,1.0007,0.999,1.73M,0.02%
12-May-18,1.0001,0.9992,1.0007,0.999,1.08M,0.09%
13-May-18,1,1.0001,1.002,0.9991,507.50K,-0.01%
14-May-18,0.9999,1,1.0002,0.9991,906.01K,-0.01%
15-May-18,1,0.9999,1.0003,0.9995,1.45M,0.01%
16-May-18,1.0011,1,1.0049,0.9994,1.57M,0.11%
17-May-18,1.0007,1.0011,1.0012,0.9998,809.99K,-0.04%
18-May-18,0.9979,1.0007,1.002,0.9942,2.14M,-0.28%
19-May-18,0.9998,0.9979,1,0.9979,981.04K,0.19%
20-May-18,1.0002,0.9998,1.0014,0.998,408.07K,0.04%
21-May-18,0.9983,1.0002,1.002,0.9968,0.22K,-0.19%
22-May-18,0.9988,0.9983,1,0.99,1.86M,0.05%
23-May-18,0.9998,0.9988,1.001,0.995,1.30M,0.10%
24-May-18,0.9996,0.9998,1.0009,0.9905,1.21M,-0.02%
25-May-18,0.9998,0.9996,1.0007,0.9982,955.80K,0.02%
26-May-18,0.9989,0.9998,1.001,0.9988,986.74K,-0.09%
27-May-18,0.9983,0.9989,1,0.9983,389.14K,-0.06%
28-May-18,0.9999,0.9983,1.0006,0.998,693.44K,0.16%
29-May-18,0.9983,0.9999,1.002,0.9963,1.61M,-0.16%
30-May-18,0.9987,0.9983,1.0019,0.9951,1.81M,0.04%
31-May-18,0.9987,0.9987,1,0.9977,524.43K,0.00%
1-Jun-18,0.9987,0.9987,0.9997,0.9983,375.22K,0.00%
2-Jun-18,0.9999,0.9987,0.9999,0.9954,1.98M,0.12%
3-Jun-18,0.9998,0.9999,1.0008,0.9981,1.21M,-0.01%
4-Jun-18,0.9988,0.9998,1,0.9951,807.81K,-0.10%
5-Jun-18,0.9993,0.9988,1,0.997,1.14M,0.05%
6-Jun-18,0.9972,0.9993,1,0.9951,1.34M,-0.21%
7-Jun-18,0.9987,0.9972,1.0001,0.9962,1.50M,0.15%
8-Jun-18,0.9988,0.9987,0.9995,0.9977,267.78K,0.01%
9-Jun-18,0.998,0.9988,1,0.998,197.86K,-0.08%
10-Jun-18,1.0001,0.998,1.001,0.998,1.30M,0.21%
11-Jun-18,1.0001,1.0001,1.001,0.9971,1.36M,0.00%
12-Jun-18,1.0002,1.0001,1.0011,0.999,1.05M,0.01%
13-Jun-18,1,1.0002,1.0007,0.998,1.36M,-0.02%
14-Jun-18,1.0005,1,1.005,0.9996,2.78M,0.05%
15-Jun-18,1.0001,1.0005,1.0095,0.9997,2.39M,-0.04%
16-Jun-18,1,1.0001,1.0012,0.9984,508.92K,-0.01%
17-Jun-18,1.0003,1,1.0004,0.9986,739.60K,0.03%
18-Jun-18,0.9991,1.0003,1.0011,0.998,1.07M,-0.12%
19-Jun-18,0.9991,0.9991,1.0001,0.9982,1.14M,0.00%
20-Jun-18,0.9991,0.9991,0.9999,0.9989,666.64K,0.00%
21-Jun-18,0.9997,0.9991,0.9999,0.998,606.11K,0.06%
22-Jun-18,1.0005,0.9997,1.001,0.9996,1.48M,0.08%
23-Jun-18,1.001,1.0005,1.003,1,271.54K,0.05%
24-Jun-18,1.001,1.001,1.0041,1.0009,1.73M,0.00%
25-Jun-18,1,1.001,1.0025,0.9997,1.88M,-0.10%
26-Jun-18,0.9996,1,1.0004,0.9991,1.02M,-0.04%
27-Jun-18,1,0.9996,1,0.9991,1.07M,0.04%
28-Jun-18,0.9984,1,1.0003,0.9983,0.66K,-0.16%
29-Jun-18,0.9994,0.9984,1,0.9983,869.28K,0.10%
30-Jun-18,0.9987,0.9994,1.0004,0.998,1.17M,-0.07%
1-Jul-18,0.999,0.9987,0.9999,0.9987,311.45K,0.03%
2-Jul-18,0.999,0.999,0.9999,0.999,907.84K,0.00%
3-Jul-18,0.9989,0.999,1,0.9989,589.02K,-0.01%
4-Jul-18,0.9988,0.9989,1.0002,0.997,785.12K,-0.01%
5-Jul-18,0.9986,0.9988,1.0003,0.998,496.87K,-0.02%
6-Jul-18,0.9984,0.9986,1.002,0.998,732.38K,-0.02%
7-Jul-18,0.9997,0.9984,0.9999,0.998,371.57K,0.13%
8-Jul-18,0.9991,0.9997,0.9999,0.9983,228.36K,-0.06%
9-Jul-18,0.999,0.9991,0.9999,0.999,599.92K,-0.01%
10-Jul-18,0.9996,0.999,1,0.9981,665.23K,0.06%
11-Jul-18,1,0.9996,1.0004,0.9982,522.92K,0.04%
12-Jul-18,0.9989,1,1.0013,0.998,1.08M,-0.11%
13-Jul-18,0.9995,0.9989,1.0004,0.998,686.79K,0.06%
14-Jul-18,0.999,0.9995,1,0.995,1.32M,-0.05%
15-Jul-18,0.999,0.999,1.0005,0.997,1.17M,0.00%
16-Jul-18,0.999,0.999,0.999,0.99,2.98M,0.00%
17-Jul-18,0.9999,0.999,1,0.995,1.46M,0.09%
18-Jul-18,0.9988,0.9999,1.0004,0.9963,3.88M,-0.11%
19-Jul-18,0.9999,0.9988,1.0005,0.997,1.38M,0.11%
20-Jul-18,0.9981,0.9999,0.9999,0.996,1.12M,-0.18%
21-Jul-18,0.9999,0.9981,0.9999,0.9968,274.52K,0.18%
22-Jul-18,0.9988,0.9999,1,0.9951,2.02M,-0.11%
23-Jul-18,0.9976,0.9988,1,0.996,1.69M,-0.12%
24-Jul-18,0.9986,0.9976,1.0004,0.997,1.57M,0.10%
25-Jul-18,0.9985,0.9988,1,0.9975,1.32M,-0.01%
26-Jul-18,0.9986,0.9985,1,0.9978,1.08M,0.01%
27-Jul-18,0.9998,0.9986,0.9999,0.997,1.53M,0.12%
28-Jul-18,0.9987,0.9998,0.9998,0.998,164.12K,-0.11%
29-Jul-18,0.9999,0.9987,1,0.9951,2.09M,0.12%
30-Jul-18,0.997,0.9999,0.9999,0.9965,727.94K,-0.29%
31-Jul-18,0.998,0.997,0.9995,0.9955,1.39M,0.10%
1-Aug-18,0.9987,0.998,0.999,0.997,564.28K,0.07%
2-Aug-18,0.9977,0.9987,0.999,0.9973,591.39K,-0.10%
3-Aug-18,0.9987,0.9977,0.9999,0.997,1.43M,0.10%
4-Aug-18,0.9987,0.9987,0.9994,0.997,465.98K,0.00%
5-Aug-18,0.999,0.9987,1,0.9971,694.14K,0.03%
6-Aug-18,0.997,0.999,1,0.997,611.35K,-0.20%
7-Aug-18,0.9995,0.997,1,0.997,811.45K,0.25%
8-Aug-18,0.9999,0.9995,1.0001,0.9935,2.38M,0.04%
9-Aug-18,0.9988,0.9999,1,0.99,2.12M,-0.11%
10-Aug-18,0.9998,0.9988,1,0.9982,1.62M,0.10%
11-Aug-18,1,0.9998,1,0.9968,786.51K,0.02%
12-Aug-18,0.9994,1,1,0.998,240.30K,-0.06%
13-Aug-18,0.9999,0.9994,1.0041,0.998,2.83M,0.05%
14-Aug-18,1.0013,0.9999,1.0034,0.9985,2.28M,0.14%
15-Aug-18,1.001,1.0013,1.0025,1,920.51K,-0.03%
16-Aug-18,0.9993,1.001,1.0016,0.9975,1.53M,-0.17%
17-Aug-18,0.9999,0.9993,1.0005,0.9962,676.04K,0.06%
18-Aug-18,1.002,0.9999,1.002,0.9985,550.93K,0.21%
19-Aug-18,1.0003,1.002,1.0028,1.0003,210.49K,-0.17%
20-Aug-18,0.9996,1.0003,1.0011,0.9986,968.69K,-0.07%
21-Aug-18,0.9991,0.9996,1.0003,0.9986,349.82K,-0.05%
22-Aug-18,0.9988,0.9991,1.0008,0.9981,1.75M,-0.03%
23-Aug-18,0.9999,0.9988,0.9999,0.9987,632.21K,0.11%
24-Aug-18,0.9988,0.9999,0.9999,0.9988,232.72K,-0.11%
25-Aug-18,0.9993,0.9988,0.9998,0.9988,135.06K,0.05%
26-Aug-18,0.999,0.9993,0.9997,0.9987,143.90K,-0.03%
27-Aug-18,0.9999,0.999,0.9999,0.9979,1.37M,0.09%
28-Aug-18,0.9986,0.9999,1.0004,0.997,2.80M,-0.13%
29-Aug-18,0.9985,0.9986,0.9997,0.997,1.15M,-0.01%
30-Aug-18,0.9988,0.9985,0.9998,0.997,951.09K,0.03%
31-Aug-18,0.9998,0.9988,1,0.997,2.61M,0.10%
1-Sep-18,0.9985,0.9998,1,0.9985,1.59M,-0.13%
2-Sep-18,0.9986,0.9985,1,0.9983,1.72M,0.01%
3-Sep-18,0.9983,0.9986,0.9998,0.9981,346.22K,-0.03%
4-Sep-18,0.9968,0.9983,0.9983,0.996,2.13M,-0.15%
5-Sep-18,0.9963,0.9968,1,0.996,5.90M,-0.05%
6-Sep-18,0.9973,0.9963,1,0.995,2.18M,0.10%
7-Sep-18,0.9989,0.9973,0.9998,0.9971,1.71M,0.16%
8-Sep-18,0.9971,0.9989,0.9996,0.9957,691.50K,-0.18%
9-Sep-18,0.9968,0.9971,0.9997,0.9956,859.00K,-0.03%
10-Sep-18,0.9966,0.9968,0.9984,0.9925,923.15K,-0.02%
11-Sep-18,0.9977,0.9966,0.999,0.9966,1.16M,0.11%
12-Sep-18,0.9979,0.9977,0.9988,0.9911,2.62M,0.02%
13-Sep-18,0.999,0.9979,0.9994,0.9979,2.66M,0.11%
14-Sep-18,0.9993,0.999,0.9999,0.9988,1.90M,0.03%
15-Sep-18,0.9994,0.9992,0.9999,0.9988,322.64K,0.01%
16-Sep-18,0.999,0.9994,0.9994,0.9988,79.48K,-0.04%
17-Sep-18,0.9985,0.999,0.9993,0.9985,849.78K,-0.05%
18-Sep-18,0.9988,0.9985,0.9999,0.9931,1.94M,0.03%
19-Sep-18,0.9987,0.9988,0.9994,0.9977,-,-0.01%
20-Sep-18,0.999,0.9994,0.9994,0.998,1.54M,0.03%
21-Sep-18,0.9983,0.999,0.9999,0.9983,1.39M,-0.07%
22-Sep-18,0.9984,0.9983,0.9991,0.9983,688.21K,0.01%
23-Sep-18,0.9987,0.9984,0.9997,0.9984,272.44K,0.03%
24-Sep-18,0.9988,0.9987,1,0.998,957.91K,0.01%
25-Sep-18,0.9987,0.9988,0.9998,0.9978,943.37K,-0.01%
26-Sep-18,0.9975,0.9987,0.9999,0.9975,2.97M,-0.12%
27-Sep-18,0.9976,0.9975,0.9994,0.9928,2.45M,0.01%
28-Sep-18,0.9979,0.9976,0.999,0.996,875.02K,0.03%
29-Sep-18,0.9969,0.9979,0.999,0.9945,341.73K,-0.10%
30-Sep-18,0.9964,0.9969,0.998,0.9947,136.03K,-0.05%
1-Oct-18,0.9946,0.9964,0.997,0.994,1.35M,-0.18%
2-Oct-18,0.9915,0.9946,0.9986,0.96,2.29M,-0.31%
3-Oct-18,0.9919,0.9915,0.9937,0.989,1.59M,0.04%
4-Oct-18,0.9931,0.9919,0.9948,0.9899,1.17M,0.12%
5-Oct-18,0.992,0.9932,0.9946,0.9913,1.64M,-0.11%
6-Oct-18,0.9935,0.992,0.9946,0.9916,399.97K,0.15%
7-Oct-18,0.9934,0.9935,0.9945,0.9925,510.10K,-0.01%
8-Oct-18,0.9902,0.9934,0.9951,0.9893,1.96M,-0.32%
9-Oct-18,0.9886,0.9895,0.992,0.988,1.23M,-0.16%
10-Oct-18,0.9821,0.9886,0.9899,0.9821,1.39M,-0.66%
11-Oct-18,0.9817,0.9821,0.9974,0.97,5.18M,-0.04%
12-Oct-18,0.9812,0.9817,0.9845,0.9709,3.45M,-0.05%
13-Oct-18,0.9795,0.9812,0.9828,0.9785,1.63M,-0.17%
14-Oct-18,0.974,0.9795,0.9795,0.9701,2.57M,-0.56%
15-Oct-18,0.956,0.974,0.9991,0.85,29.26M,-1.85%
16-Oct-18,0.9542,0.956,0.9604,0.9428,12.42M,-0.19%
17-Oct-18,0.9571,0.9542,0.9604,0.951,4.05M,0.30%
18-Oct-18,0.9648,0.9571,0.9671,0.955,5.39M,0.80%
19-Oct-18,0.9764,0.9648,0.9788,0.964,2.10M,1.20%
20-Oct-18,0.9725,0.9764,0.9774,0.97,1.48M,-0.40%
21-Oct-18,0.9736,0.9725,0.9767,0.969,1.23M,0.11%
22-Oct-18,0.973,0.9736,0.9779,0.9658,1.81M,-0.06%
23-Oct-18,0.9776,0.973,0.9799,0.9701,2.45M,0.47%
24-Oct-18,0.9766,0.9776,0.9776,0.9715,903.93K,-0.10%
25-Oct-18,0.9772,0.9766,0.9793,0.9728,2.16M,0.06%
26-Oct-18,0.9787,0.9772,0.9813,0.9759,3.24M,0.15%
27-Oct-18,0.99,0.9787,0.9905,0.9784,10.18M,1.15%
28-Oct-18,0.9906,0.99,0.9907,0.988,18.29M,0.06%
29-Oct-18,0.9867,0.9906,0.9906,0.9824,9.53M,-0.39%
30-Oct-18,0.9933,0.9867,0.9962,0.9856,16.25M,0.67%
31-Oct-18,0.9919,0.9933,0.997,0.9899,8.41M,-0.14%
1-Nov-18,0.991,0.9919,0.9968,0.9893,3.76M,-0.09%
2-Nov-18,0.9887,0.991,0.9932,0.988,2.70M,-0.23%
3-Nov-18,0.9927,0.9887,0.9943,0.988,727.47K,0.40%
4-Nov-18,0.9912,0.9927,0.9946,0.9891,1.42M,-0.15%
5-Nov-18,0.9913,0.9912,0.9936,0.988,1.86M,0.01%
6-Nov-18,0.9905,0.9913,0.9921,0.9852,1.75M,-0.08%
7-Nov-18,0.991,0.9905,0.9931,0.9864,5.42M,0.05%
8-Nov-18,0.9894,0.991,0.9926,0.9888,4.48M,-0.16%
9-Nov-18,0.9867,0.9894,0.991,0.9859,3.35M,-0.27%
10-Nov-18,0.9876,0.9867,0.989,0.9855,2.63M,0.09%
11-Nov-18,0.9863,0.9876,0.9899,0.985,3.04M,-0.13%
12-Nov-18,0.98,0.9863,0.988,0.98,5.46M,-0.64%
13-Nov-18,0.9688,0.98,0.9819,0.9688,4.14M,-1.14%
14-Nov-18,0.9497,0.9688,0.985,0.941,11.30M,-1.97%
15-Nov-18,0.97,0.9497,0.98,0.9492,13.81M,2.14%
16-Nov-18,0.976,0.97,0.985,0.97,9.68M,0.62%
17-Nov-18,0.9796,0.976,0.995,0.976,9.28M,0.37%
18-Nov-18,0.9845,0.9796,0.993,0.9777,7.48M,0.50%
19-Nov-18,0.9633,0.9847,0.9949,0.9633,14.95M,-2.15%
20-Nov-18,0.9569,0.9633,0.9748,0.931,17.18M,-0.66%
21-Nov-18,0.9735,0.9569,0.9765,0.9549,7.78M,1.73%
22-Nov-18,0.9774,0.9735,0.9785,0.971,4.61M,0.40%
23-Nov-18,0.9698,0.9774,0.9774,0.9688,5.24M,-0.78%
24-Nov-18,0.9633,0.9698,0.9734,0.9588,7.27M,-0.67%
25-Nov-18,0.962,0.9639,0.9728,0.9462,9.00M,-0.13%
26-Nov-18,0.9651,0.962,0.9719,0.9536,6.27M,0.32%
27-Nov-18,0.9705,0.9651,0.9751,0.9636,5.01M,0.56%
28-Nov-18,0.9888,0.9705,0.99,0.9691,11.83M,1.89%
29-Nov-18,0.9889,0.9888,0.9931,0.9834,4.96M,0.01%
30-Nov-18,0.9844,0.9865,0.9924,0.9784,2.39M,-0.46%
1-Dec-18,0.9867,0.9844,0.9899,0.9804,2.03M,0.23%
2-Dec-18,0.9827,0.9867,0.9877,0.982,930.24K,-0.41%
3-Dec-18,0.9866,0.9827,0.9866,0.98,1.19M,0.40%
4-Dec-18,0.9859,0.9866,0.99,0.983,2.66M,-0.07%
5-Dec-18,0.9814,0.9859,0.99,0.979,1.66M,-0.46%
6-Dec-18,0.9796,0.9814,0.987,0.979,1.96M,-0.18%
7-Dec-18,0.9938,0.9796,0.995,0.9795,5.10M,1.45%
8-Dec-18,0.996,0.9938,0.9989,0.9875,2.75M,0.22%
9-Dec-18,0.9943,0.996,0.9975,0.9915,1.06M,-0.17%
10-Dec-18,0.9925,0.9943,0.9967,0.9915,922.99K,-0.18%
11-Dec-18,0.9905,0.9925,0.9942,0.9855,2.06M,-0.20%
12-Dec-18,0.9944,0.9905,0.9966,0.9884,1.64M,0.39%
13-Dec-18,0.988,0.9944,0.997,0.9863,5.93M,-0.64%
14-Dec-18,0.99,0.988,0.99,0.9855,1.32M,0.20%
15-Dec-18,0.989,0.99,0.9916,0.9857,717.57K,-0.10%
16-Dec-18,0.9908,0.989,0.9917,0.9861,1.07M,0.18%
17-Dec-18,0.9966,0.9908,0.9988,0.9871,3.14M,0.59%
18-Dec-18,1.0034,0.9966,1.004,0.9941,4.92M,0.68%
19-Dec-18,1.0048,1.0034,1.0151,0.9971,4.61M,0.14%
20-Dec-18,1.0065,1.0048,1.0136,1,8.08M,0.17%
21-Dec-18,1.0004,1.0065,1.0099,1,3.33M,-0.61%
22-Dec-18,1.0078,1.0004,1.0082,0.9986,2.41M,0.74%
23-Dec-18,1.0031,1.0078,1.009,1.0019,1.27M,-0.47%
24-Dec-18,1.005,1.0031,1.0104,1.0024,3.78M,0.19%
25-Dec-18,1.0099,1.005,1.0125,1.002,1.86M,0.49%
26-Dec-18,1.0073,1.0099,1.0108,1.0056,911.96K,-0.26%
27-Dec-18,1.0061,1.0073,1.0078,1.004,2.01M,-0.12%
28-Dec-18,1.0112,1.0061,1.0171,1.003,5.89M,0.51%
29-Dec-18,1.0097,1.0112,1.0177,1.0042,2.68M,-0.15%
30-Dec-18,1.0075,1.0097,1.011,1.0041,1.78M,-0.22%
31-Dec-18,0.9991,1.0075,1.0088,0.9991,2.24M,-0.83%
1-Jan-19,1.0054,0.9991,1.0065,0.997,1.26M,0.63%
2-Jan-19,1.007,1.0054,1.01,1.0026,3.90M,0.16%
3-Jan-19,1.005,1.007,1.0095,1.001,3.38M,-0.20%
4-Jan-19,1.0059,1.005,1.0079,1,5.23M,0.09%
5-Jan-19,1.0051,1.0059,1.01,1.0043,2.67M,-0.08%
6-Jan-19,1.011,1.0051,1.0148,1.003,4.25M,0.59%
7-Jan-19,1.0057,1.011,1.0136,1.005,2.24M,-0.52%
8-Jan-19,1.0064,1.0057,1.008,1.0051,8.08M,0.07%
9-Jan-19,1.0068,1.0064,1.0081,1.0035,8.94M,0.04%
10-Jan-19,1.0097,1.0068,1.011,1.0015,12.37M,0.29%
11-Jan-19,1.0077,1.0098,1.0109,1.0044,17.07M,-0.20%
12-Jan-19,1.0085,1.0077,1.0094,1.0072,2.60M,0.08%
13-Jan-19,1.0081,1.0085,1.0096,1.0077,3.72M,-0.04%
14-Jan-19,1.0089,1.0081,1.009,1.0056,11.78M,0.08%
15-Jan-19,1.0062,1.0089,1.0093,1.0059,8.65M,-0.27%
16-Jan-19,1.0034,1.0062,1.0071,1.0032,7.04M,-0.28%
17-Jan-19,1.0049,1.0034,1.005,1.0014,9.00M,0.15%
18-Jan-19,1.0025,1.0049,1.0053,1.0025,4.64M,-0.24%
19-Jan-19,1.0036,1.0025,1.0055,1.0023,5.51M,0.11%
20-Jan-19,1.0002,1.0036,1.0042,0.9969,1.70M,-0.34%
21-Jan-19,1.0016,1.0002,1.0025,0.9989,1.26M,0.14%
22-Jan-19,1.0008,1.0016,1.003,1,2.26M,-0.08%
23-Jan-19,1.0012,1.0008,1.0019,0.9992,1.98M,0.04%
24-Jan-19,1.0008,1.0012,1.002,0.998,1.35M,-0.04%
25-Jan-19,0.9976,1.0008,1.0008,0.9963,848.94K,-0.32%
26-Jan-19,0.9966,0.9976,1.002,0.9962,293.92K,-0.10%
27-Jan-19,0.9942,0.9966,0.9975,0.9936,552.11K,-0.24%
28-Jan-19,0.999,0.9942,1,0.993,1.90M,0.48%
29-Jan-19,0.995,0.999,1,0.9943,1.92M,-0.40%
30-Jan-19,0.9932,0.995,0.9998,0.9926,1.93M,-0.18%
31-Jan-19,0.994,0.9933,0.9968,0.9914,2.54M,0.08%
1-Feb-19,0.9915,0.994,0.9948,0.9862,1.45M,-0.25%
2-Feb-19,0.9899,0.9915,0.995,0.9894,463.33K,-0.16%
3-Feb-19,0.9882,0.9899,0.992,0.9869,612.73K,-0.17%
4-Feb-19,0.9851,0.9882,0.9891,0.9847,986.92K,-0.31%
5-Feb-19,0.9881,0.9851,0.99,0.9844,2.01M,0.30%
6-Feb-19,0.9885,0.9881,0.9965,0.9862,3.12M,0.04%
7-Feb-19,0.9885,0.9884,0.9897,0.9867,1.80M,0.00%
8-Feb-19,0.9895,0.9885,0.9936,0.9858,6.23M,0.10%
9-Feb-19,0.9889,0.9895,0.9906,0.9875,1.51M,-0.06%
10-Feb-19,0.9918,0.9889,0.9923,0.988,1.52M,0.29%
11-Feb-19,0.9877,0.9918,0.9929,0.9869,2.43M,-0.41%
12-Feb-19,0.9883,0.9877,0.9917,0.9852,2.19M,0.06%
13-Feb-19,0.9892,0.9883,0.9915,0.9877,1.92M,0.09%
14-Feb-19,0.9903,0.9891,0.9917,0.9885,3.72M,0.11%
15-Feb-19,0.9901,0.9903,0.9918,0.9889,2.01M,-0.02%
16-Feb-19,0.9899,0.9901,0.9921,0.9895,1.66M,-0.02%
17-Feb-19,0.9889,0.9899,0.9904,0.9875,2.85M,-0.10%
18-Feb-19,0.992,0.9889,0.9968,0.9861,5.01M,0.31%
19-Feb-19,0.9921,0.992,0.997,0.991,2.06M,0.01%
20-Feb-19,0.991,0.9921,0.9965,0.99,2.39M,-0.11%
21-Feb-19,0.9896,0.991,0.9936,0.9894,2.15M,-0.14%
22-Feb-19,0.9929,0.9896,0.995,0.989,2.26M,0.33%
23-Feb-19,0.9984,0.9929,0.9987,0.9915,4.00M,0.55%
24-Feb-19,0.9971,0.9984,0.9988,0.993,4.82M,-0.13%
25-Feb-19,0.9967,0.9971,0.9976,0.9919,3.39M,-0.04%
26-Feb-19,0.9967,0.996,0.9989,0.9938,1.17M,0.00%
27-Feb-19,0.9943,0.9967,0.9983,0.9939,2.58M,-0.24%
28-Feb-19,0.995,0.9943,0.998,0.9939,2.24M,0.07%
1-Mar-19,0.9954,0.995,0.9961,0.992,2.02M,0.04%
2-Mar-19,0.9968,0.9954,0.9968,0.9943,381.32K,0.14%
3-Mar-19,0.9942,0.9968,0.9968,0.9939,1.18M,-0.26%
4-Mar-19,0.9959,0.9942,0.9978,0.9935,1.77M,0.17%
5-Mar-19,0.997,0.9959,0.998,0.994,4.43M,0.11%
6-Mar-19,0.996,0.997,0.9975,0.9949,1.87M,-0.10%
7-Mar-19,0.9953,0.996,0.9973,0.9945,1.62M,-0.07%
8-Mar-19,0.9934,0.9953,0.9966,0.993,1.12M,-0.19%
9-Mar-19,0.9944,0.9934,0.9961,0.9932,558.75K,0.10%
10-Mar-19,0.9952,0.9944,0.9965,0.9933,318.66K,0.08%
11-Mar-19,0.995,0.9952,0.9965,0.9934,1.19M,-0.02%
12-Mar-19,0.9945,0.995,0.996,0.993,897.92K,-0.05%
13-Mar-19,0.9957,0.9945,0.9965,0.9925,1.11M,0.12%
14-Mar-19,0.9944,0.9957,0.9979,0.9931,3.11M,-0.13%
15-Mar-19,0.9947,0.9944,0.9955,0.9913,1.29M,0.03%
16-Mar-19,0.9959,0.9947,0.997,0.9925,2.13M,0.12%
17-Mar-19,0.9953,0.9959,0.997,0.9941,533.41K,-0.06%
18-Mar-19,0.9954,0.9953,0.997,0.9935,1.76M,0.01%
19-Mar-19,0.9958,0.9954,0.9969,0.9935,1.10M,0.04%
20-Mar-19,0.997,0.9958,0.9976,0.9941,1.05M,0.12%
21-Mar-19,0.9975,0.997,1.0001,0.996,5.67M,0.05%
22-Mar-19,0.9975,0.9975,1,0.9963,2.04M,0.00%
23-Mar-19,0.9956,0.9975,0.999,0.9956,1.25M,-0.19%
24-Mar-19,0.995,0.9956,0.996,0.995,917.48K,-0.06%
25-Mar-19,0.9935,0.9953,0.997,0.993,1.09M,-0.15%
26-Mar-19,0.9944,0.9935,0.9957,0.993,510.57K,0.09%
27-Mar-19,0.9965,0.9944,0.9982,0.994,2.10M,0.21%
28-Mar-19,0.9958,0.9965,0.9974,0.9952,1.49M,-0.07%
29-Mar-19,0.9966,0.9958,0.9976,0.9927,2.65M,0.08%
30-Mar-19,0.9968,0.9966,0.9986,0.9942,773.85K,0.02%
31-Mar-19,0.9975,0.9968,0.998,0.9943,326.57K,0.07%
1-Apr-19,0.998,0.9975,0.998,0.9953,1.53M,0.05%
2-Apr-19,1.0075,0.998,1.02,0.997,8.43M,0.95%
3-Apr-19,1.0056,1.0075,1.017,1.0025,8.84M,-0.19%
4-Apr-19,1.002,1.0056,1.0083,1.0001,5.93M,-0.36%
5-Apr-19,1.0055,1.002,1.0059,1,3.43M,0.35%
6-Apr-19,1.0001,1.0055,1.0065,1.0001,1.48M,-0.54%
7-Apr-19,1.003,1.0001,1.0055,1.0001,742.77K,0.29%
8-Apr-19,1.0065,1.003,1.0127,1.0001,10.30M,0.35%
9-Apr-19,1.0065,1.0065,1.01,1.0051,16.69M,0.00%
10-Apr-19,1.0021,1.0065,1.0068,1.0013,14.99M,-0.44%
11-Apr-19,1.004,1.0021,1.0067,1.0015,12.35M,0.19%
12-Apr-19,1.0031,1.004,1.0058,1.0025,11.80M,-0.09%
13-Apr-19,1.0032,1.0031,1.0041,1.002,982.55K,0.01%
14-Apr-19,1.0035,1.0032,1.0037,1.0021,1.31M,0.03%
15-Apr-19,1.0005,1.0035,1.0048,1.0005,5.49M,-0.30%
16-Apr-19,1.0033,1.0005,1.0056,1.0005,3.92M,0.28%
17-Apr-19,1.0026,1.0033,1.0052,1.0025,5.37M,-0.07%
18-Apr-19,1.0033,1.0026,1.0043,1.002,2.81M,0.07%
19-Apr-19,1.0033,1.0033,1.0055,1.002,3.31M,0.00%
20-Apr-19,1.0031,1.0033,1.005,1.0021,1.32M,-0.02%
21-Apr-19,1.0042,1.0031,1.0054,1.0028,2.82M,0.11%
22-Apr-19,1.004,1.0042,1.006,1.003,7.78M,-0.02%
23-Apr-19,1.0048,1.004,1.0054,1.0026,9.06M,0.08%
24-Apr-19,1.0032,1.0048,1.006,1.003,17.02M,-0.16%
25-Apr-19,0.981,1.0032,1.0034,0.9768,11.98M,-2.21%
26-Apr-19,0.9708,0.981,0.9813,0.9551,10.24M,-1.04%
27-Apr-19,0.976,0.9708,0.9772,0.96,2.36M,0.54%
28-Apr-19,0.9702,0.976,0.977,0.9701,3.79M,-0.59%
29-Apr-19,0.9835,0.9702,0.9885,0.9702,4.98M,1.37%
30-Apr-19,0.9896,0.9835,0.9948,0.9832,5.60M,0.62%
1-May-19,0.9865,0.9896,0.995,0.9856,3.70M,-0.31%
2-May-19,0.9807,0.9865,0.9895,0.98,2.52M,-0.59%
3-May-19,0.983,0.9807,0.994,0.9778,4.26M,0.23%
4-May-19,0.9905,0.983,0.995,0.9813,3.08M,0.76%
5-May-19,0.9908,0.9905,0.993,0.9885,1.15M,0.03%
6-May-19,0.99,0.9908,0.992,0.9874,2.98M,-0.08%
7-May-19,0.985,0.99,0.9941,0.985,3.94M,-0.51%
8-May-19,0.9917,0.9852,0.9936,0.983,1.60M,0.68%
9-May-19,0.9946,0.9917,0.997,0.9917,2.58M,0.29%
10-May-19,0.9945,0.9946,1.0025,0.9931,4.41M,-0.01%
11-May-19,1.0039,0.9945,"1,000.00",0.9945,6.50M,0.95%
12-May-19,1.0006,1.0039,1.008,0.9967,12.14M,-0.33%
13-May-19,1.0017,1.0006,1.0079,0.9951,11.80M,0.11%
14-May-19,0.9986,1.0016,1.0046,0.9936,10.94M,-0.31%
15-May-19,1.0039,0.9986,1.005,0.998,4.04M,0.53%
16-May-19,1.0004,1.0039,1.0069,0.9959,5.45M,-0.35%
17-May-19,1.0015,1.0004,1.0045,0.989,7.34M,0.11%
18-May-19,1.0026,1.0015,1.0045,1.0001,2.10M,0.11%
19-May-19,1.0053,1.0026,1.0082,1.0012,6.27M,0.27%
20-May-19,1.006,1.0053,1.0061,0.999,4.36M,0.07%
21-May-19,1.0044,1.006,1.0081,1.003,4.31M,-0.16%
22-May-19,1.0003,1.0044,1.0047,0.9993,3.53M,-0.41%
23-May-19,1.0037,1.0003,1.0041,1,2.53M,0.34%
24-May-19,1.0033,1.0037,1.007,1.0025,4.21M,-0.04%
25-May-19,1.0046,1.0033,1.007,1.0005,3.97M,0.13%
26-May-19,1.0097,1.0046,1.0152,1.0022,8.48M,0.51%
27-May-19,1.002,1.0097,1.011,1.0006,8.36M,-0.76%
28-May-19,1.0012,1.002,1.0044,1.0003,1.82M,-0.08%
29-May-19,1.0021,1.0012,1.0029,0.9983,4.53M,0.09%
30-May-19,1.0009,1.0016,1.0026,1,6.14M,-0.12%
31-May-19,1.0005,1.0009,1.0011,0.9961,3.35M,-0.04%
1-Jun-19,1.0007,1.0005,1.0021,0.9985,3.22M,0.02%
2-Jun-19,1.0005,1.0007,1.0034,1.0004,2.57M,-0.02%
3-Jun-19,0.9994,1.0005,1.0023,0.9976,5.83M,-0.11%
4-Jun-19,0.998,0.9994,1.0006,0.9942,8.44M,-0.14%
5-Jun-19,1.0016,0.998,1.0029,0.9976,3.96M,0.36%
6-Jun-19,1.0024,1.0016,1.0041,1.0004,3.31M,0.08%
7-Jun-19,1.0024,1.0024,1.0045,1.0013,2.89M,0.00%
8-Jun-19,1.0038,1.0024,1.0041,1.0019,897.46K,0.14%
9-Jun-19,1.0016,1.0038,1.004,1.001,2.24M,-0.22%
10-Jun-19,1.0039,1.0016,1.0049,1.0011,2.29M,0.23%
11-Jun-19,1.0033,1.0039,1.005,1.002,4.77M,-0.06%
12-Jun-19,1.0035,1.0033,1.007,1.0025,8.34M,0.02%
13-Jun-19,1.0021,1.0035,1.0037,1.0015,4.66M,-0.14%
14-Jun-19,1.0047,1.0021,1.0048,1.0014,5.93M,0.26%
15-Jun-19,1.0043,1.0047,1.0054,1.0034,2.06M,-0.04%
16-Jun-19,1.0011,1.0043,1.0066,1,3.85M,-0.32%
17-Jun-19,1.0028,1.0016,1.0044,1,5.34M,0.17%
18-Jun-19,0.9997,1.0028,1.003,0.9989,3.63M,-0.31%
19-Jun-19,1.0022,0.9997,1.0025,0.9993,2.17M,0.25%
20-Jun-19,1.002,1.0022,1.0025,1.0013,3.13M,-0.02%
21-Jun-19,1.0028,1.002,1.003,1,3.06M,0.08%
22-Jun-19,0.995,1.0028,1.0042,0.9941,5.70M,-0.78%
23-Jun-19,0.9922,0.995,0.9976,0.99,3.14M,-0.28%
24-Jun-19,0.9964,0.9922,1.0008,0.991,1.55M,0.42%
25-Jun-19,0.995,0.9964,0.9999,0.9921,2.19M,-0.14%
26-Jun-19,0.99,0.995,0.9999,0.99,7.28M,-0.50%
27-Jun-19,0.9852,0.99,0.9999,0.973,6.67M,-0.48%
28-Jun-19,0.996,0.9852,0.9998,0.9751,3.09M,1.10%
29-Jun-19,0.9967,0.996,0.9994,0.9754,2.79M,0.07%
30-Jun-19,0.99,0.9967,0.9997,0.987,2.57M,-0.67%
1-Jul-19,0.9968,0.99,0.998,0.985,2.24M,0.69%
2-Jul-19,0.9993,0.9968,1,0.991,4.44M,0.25%
3-Jul-19,1.0027,0.9993,1.0046,0.9986,7.07M,0.34%
4-Jul-19,0.999,1.0021,1.0046,0.999,2.90M,-0.37%
5-Jul-19,1.0014,0.999,1.0035,0.997,1.89M,0.24%
6-Jul-19,0.9996,1.0014,1.005,0.9996,2.02M,-0.18%
7-Jul-19,1.0049,0.9996,1.0058,0.9992,1.86M,0.53%
8-Jul-19,1.0036,1.0049,1.0075,1,2.16M,-0.13%
9-Jul-19,1.0019,1.0036,1.0067,0.9999,3.23M,-0.17%
10-Jul-19,0.9989,1.0019,1.0035,0.9965,2.33M,-0.30%
11-Jul-19,1.0004,0.9989,1.004,0.9985,2.98M,0.15%
12-Jul-19,1.0036,1.0004,1.004,0.998,1.47M,0.32%
13-Jul-19,1.0018,1.0036,1.0045,0.9967,2.34M,-0.18%
14-Jul-19,1.001,1.0018,1.0019,0.995,2.12M,-0.08%
15-Jul-19,1.0005,1.001,1.005,0.9994,1.95M,-0.05%
16-Jul-19,1.0002,1.0005,1.003,0.996,4.55M,-0.03%
17-Jul-19,1.0029,1.0002,1.003,0.9971,2.47M,0.27%
18-Jul-19,1.0029,1.0029,1.0045,0.9975,2.89M,0.00%
19-Jul-19,1.0021,1.0029,1.0045,0.9992,2.48M,-0.08%
20-Jul-19,1.0019,1.0021,1.0036,1.0009,2.78M,-0.02%
21-Jul-19,1.0005,1.0019,1.0024,0.9993,1.53M,-0.14%
22-Jul-19,0.9985,1.0005,1.003,0.9971,1.34M,-0.20%
23-Jul-19,1,0.9985,1.0012,0.998,1.29M,0.15%
24-Jul-19,1.0003,1,1.0009,0.9977,1.57M,0.03%
25-Jul-19,1,1.0003,1.0029,0.9991,1.98M,-0.03%
26-Jul-19,1.0012,1,1.0024,0.9991,2.13M,0.12%
27-Jul-19,0.9989,1.0012,1.004,0.9964,2.94M,-0.23%
28-Jul-19,0.9999,0.9989,1,0.995,1.60M,0.10%
29-Jul-19,0.9977,0.9999,1,0.9947,1.71M,-0.22%
30-Jul-19,1.0008,0.9977,1.0027,0.9976,1.47M,0.31%
31-Jul-19,1.0003,1.0008,1.0026,0.9991,996.03K,-0.05%
1-Aug-19,1.0016,1.0003,1.0026,0.9992,1.06M,0.13%
2-Aug-19,1.0006,1.0016,1.0021,0.9999,2.24M,-0.10%
3-Aug-19,1.0006,1.0006,1.0018,0.9997,1.29M,0.00%
4-Aug-19,1.0028,1.0006,1.003,1.0006,726.31K,0.22%
5-Aug-19,1,1.0028,1.003,0.9995,3.20M,-0.28%
6-Aug-19,0.9991,1,1.0025,0.998,4.18M,-0.09%
7-Aug-19,0.9988,0.9991,1.0005,0.9976,2.44M,-0.03%
8-Aug-19,0.999,0.9988,1.0002,0.9965,2.20M,0.02%
9-Aug-19,0.9987,0.999,1.0014,0.996,3.00M,-0.03%
10-Aug-19,0.9969,0.9987,1.0008,0.9955,1.74M,-0.18%
11-Aug-19,0.9986,0.9969,0.999,0.9967,736.12K,0.17%
12-Aug-19,0.9986,0.9989,0.9999,0.997,1.35M,0.00%
13-Aug-19,0.9969,0.9986,0.9993,0.9955,1.35M,-0.17%
14-Aug-19,0.9969,0.9969,0.9984,0.9936,1.33M,0.00%
15-Aug-19,0.9997,0.9969,1.0017,0.9949,2.17M,0.28%
16-Aug-19,1.0013,0.9997,1.005,0.9972,2.49M,0.16%
17-Aug-19,1.0004,1.0013,1.0017,0.9989,250.17K,-0.09%
18-Aug-19,1.0005,1.0004,1.0013,0.9998,330.36K,0.01%
19-Aug-19,1.0003,1.0005,1.0027,1.0002,1.12M,-0.02%
20-Aug-19,1.0006,1.0003,1.0036,0.9998,1.49M,0.03%
21-Aug-19,0.9981,1.0006,1.0006,0.9968,1.75M,-0.25%
22-Aug-19,1,0.9981,1.002,0.998,1.99M,0.19%
23-Aug-19,1.0015,1,1.0028,1,1.82M,0.15%
24-Aug-19,1.0007,1.0015,1.0017,0.9995,1.32M,-0.08%
25-Aug-19,0.9999,1.0007,1.0018,0.9995,1.50M,-0.08%
26-Aug-19,0.9991,0.9999,1.003,0.998,2.42M,-0.08%
27-Aug-19,0.9987,0.9991,1.0001,0.998,968.78K,-0.04%
28-Aug-19,0.9997,0.9987,1.0016,0.9961,2.83M,0.10%
29-Aug-19,0.9991,0.9997,1.0003,0.9981,3.74M,-0.06%
30-Aug-19,1.0001,0.9991,1.0008,0.9986,2.11M,0.10%
31-Aug-19,1.0002,1.0001,1.0013,0.9995,2.72M,0.01%
1-Sep-19,1.0024,1.0002,1.0027,1.0002,3.01M,0.22%
2-Sep-19,1.0026,1.0024,1.0029,1.0002,1.97M,0.02%
3-Sep-19,1.0016,1.0027,1.0028,0.9999,1.22M,-0.10%
4-Sep-19,1.0014,1.0016,1.0038,0.9999,1.89M,-0.02%
5-Sep-19,1.0006,1.0014,1.003,1.0004,782.39K,-0.08%
6-Sep-19,1.0009,1.0006,1.0031,0.9995,1.29M,0.03%
7-Sep-19,1.0018,1.0009,1.0025,1.0004,326.48K,0.09%
8-Sep-19,1.002,1.0018,1.004,1.0015,872.93K,0.02%
9-Sep-19,1.0008,1.002,1.0021,0.9993,901.73K,-0.12%
10-Sep-19,0.999,1.0008,1.0009,0.999,873.35K,-0.18%
11-Sep-19,1.0008,0.9991,1.0013,0.9989,1.31M,0.18%
12-Sep-19,1.0014,1.0008,1.0025,1.0001,2.31M,0.06%
13-Sep-19,1.0021,1.0014,1.0035,1.0002,3.20M,0.07%
14-Sep-19,1.0024,1.0021,1.0027,1.0006,839.77K,0.03%
15-Sep-19,1.001,1.0024,1.0029,1.001,382.69K,-0.14%
16-Sep-19,1.0017,1.001,1.0025,1.0006,3.72M,0.07%
17-Sep-19,1.0006,1.0017,1.0025,0.9997,1.89M,-0.11%
18-Sep-19,1.0002,1.0006,1.0045,0.9995,1.92M,-0.04%
19-Sep-19,1.0025,1.0002,1.004,0.9985,3.10M,0.23%
20-Sep-19,1,1.0025,1.004,0.9991,1.47M,-0.25%
21-Sep-19,0.9998,1,1.0007,0.999,451.99K,-0.02%
22-Sep-19,0.9999,0.9998,1.0003,0.9986,675.55K,0.01%
23-Sep-19,0.9993,0.9999,1.001,0.9981,1.90M,-0.06%
24-Sep-19,1.0028,0.9993,1.009,0.996,5.45M,0.35%
25-Sep-19,1.0005,1.0028,1.003,0.999,2.41M,-0.23%
26-Sep-19,0.9999,1.0005,1.0008,0.9987,1.31M,-0.06%
27-Sep-19,1.002,0.9999,1.004,0.999,3.07M,0.21%
28-Sep-19,1.0013,1.002,1.0025,0.999,994.49K,-0.07%
29-Sep-19,1.0009,1.0013,1.0025,1.0002,1.13M,-0.04%
30-Sep-19,1.0022,1.0009,1.0033,0.9997,1.82M,0.13%
1-Oct-19,1.0027,1.0022,1.004,1.0004,2.33M,0.05%
2-Oct-19,1.0023,1.0027,1.003,1.0006,883.27K,-0.04%
3-Oct-19,1.0022,1.0023,1.0025,1.0006,1.28M,-0.01%
4-Oct-19,1.0019,1.0022,1.0025,1.0002,1.14M,-0.03%
5-Oct-19,1.0021,1.0019,1.0031,1.0013,796.22K,0.02%
6-Oct-19,1.001,1.0021,1.0028,1.0002,737.93K,-0.11%
7-Oct-19,1.002,1.001,1.0025,0.9996,1.78M,0.10%
8-Oct-19,1.0008,1.002,1.0024,1.0001,1.22M,-0.12%
9-Oct-19,1.0015,1.0008,1.0023,0.999,3.31M,0.07%
10-Oct-19,1.003,1.0015,1.003,1.0012,3.09M,0.15%
11-Oct-19,1.0006,1.003,1.003,0.999,2.91M,-0.24%
12-Oct-19,1.0006,1.0006,1.0013,0.9998,714.82K,0.00%
13-Oct-19,1.0001,1.0006,1.0019,1.0001,1.85M,-0.05%
14-Oct-19,1.0005,1.0001,1.0008,0.9994,1.98M,0.04%
15-Oct-19,1.0003,1.0005,1.0011,0.9999,1.13M,-0.02%
16-Oct-19,1,1.0003,1.0008,0.9988,1.67M,-0.03%
17-Oct-19,1.0004,1,1.0015,0.9996,1.45M,0.04%
18-Oct-19,1.0008,1.0004,1.0014,0.9995,1.16M,0.04%
19-Oct-19,1.0007,1.0008,1.002,1.0003,1.00M,-0.01%
20-Oct-19,1.0013,1.0007,1.0017,1.0004,300.46K,0.06%
21-Oct-19,1.0017,1.0013,1.0026,1.0007,1.51M,0.04%
22-Oct-19,1.0007,1.0017,1.0027,1.0003,1.64M,-0.10%
23-Oct-19,1.0003,1.0007,1.0024,0.999,1.97M,-0.04%
24-Oct-19,1.0014,1.0003,1.0024,0.9998,1.40M,0.11%
25-Oct-19,1.0009,1.0014,1.003,1.0004,2.17M,-0.05%
26-Oct-19,1.0031,1.0009,1.005,0.9992,3.81M,0.22%
27-Oct-19,1.0025,1.0031,1.0036,1.0015,2.52M,-0.06%
28-Oct-19,1.0018,1.0025,1.004,1.0005,1.82M,-0.07%
29-Oct-19,1.0019,1.0018,1.0029,1.0001,1.05M,0.01%
30-Oct-19,1.0011,1.0019,1.0029,1,1.46M,-0.08%
31-Oct-19,1.0007,1.0011,1.0022,1,1.76M,-0.04%
1-Nov-19,1.001,1.0007,1.0014,1,1.68M,0.03%
2-Nov-19,1.0011,1.001,1.0013,1.0007,1.16M,0.01%
3-Nov-19,1.0008,1.0011,1.0014,1.0005,669.15K,-0.03%
4-Nov-19,1.0017,1.0008,1.0017,1,2.84M,0.09%
5-Nov-19,1.001,1.0017,1.0019,0.9999,2.23M,-0.07%
6-Nov-19,0.9998,1.001,1.0015,0.9995,1.05M,-0.12%
7-Nov-19,0.9992,0.9998,1.0002,0.9984,1.61M,-0.06%
8-Nov-19,0.9988,0.9992,0.9995,0.997,3.63M,-0.04%
9-Nov-19,0.9995,0.9988,1.0002,0.9985,792.76K,0.07%
10-Nov-19,0.9998,0.9995,1.0004,0.9992,563.33K,0.03%
11-Nov-19,0.9985,0.9998,1,0.998,619.85K,-0.13%
12-Nov-19,0.9992,0.9985,0.9998,0.997,1.56M,0.07%
13-Nov-19,0.998,0.9992,1,0.9973,2.33M,-0.12%
14-Nov-19,0.9986,0.998,0.9991,0.9965,2.19M,0.06%
15-Nov-19,0.999,0.9986,1,0.9971,1.63M,0.04%
16-Nov-19,0.9994,0.999,1,0.998,724.88K,0.04%
17-Nov-19,0.9999,0.9994,1,0.9988,428.25K,0.05%
18-Nov-19,0.998,0.9999,1,0.997,3.00M,-0.19%
19-Nov-19,0.9988,0.998,0.9992,0.9974,1.28M,0.08%
20-Nov-19,0.9982,0.9985,0.9996,0.9975,1.85M,-0.06%
21-Nov-19,0.9984,0.9982,0.9995,0.9967,1.88M,0.02%
22-Nov-19,1.0011,0.9984,1.0019,0.9975,2.93M,0.27%
23-Nov-19,1.0012,1.0011,1.0019,1,1.56M,0.01%
24-Nov-19,1.0008,1.0012,1.0019,1.0008,442.56K,-0.04%
25-Nov-19,1.001,1.0008,1.0019,0.999,2.90M,0.02%
26-Nov-19,1.001,1.001,1.001,0.9991,1.83M,0.00%
27-Nov-19,1.0007,1.001,1.0019,0.999,2.29M,-0.03%
28-Nov-19,1.0014,1.0007,1.0015,1,1.85M,0.07%
29-Nov-19,1.0009,1.0014,1.0015,1,1.18M,-0.05%
30-Nov-19,1.001,1.0009,1.0015,1,613.67K,0.01%
1-Dec-19,1.0012,1.001,1.0013,1,701.73K,0.02%
2-Dec-19,1.0014,1.0012,1.0014,0.9995,935.49K,0.02%
3-Dec-19,1.0011,1.0014,1.0019,0.9997,1.79M,-0.03%
4-Dec-19,1,1.0011,1.002,0.9996,2.11M,-0.11%
5-Dec-19,1.0004,1,1.0011,0.9994,2.57M,0.04%
6-Dec-19,1.0014,1.0004,1.0018,0.999,2.43M,0.10%
7-Dec-19,1.0015,1.0014,1.002,1.0009,423.98K,0.01%
8-Dec-19,1.0017,1.0015,1.0027,1.0005,581.99K,0.02%
9-Dec-19,0.9992,1.0017,1.0026,0.999,2.21M,-0.25%
10-Dec-19,0.9996,0.9992,1.0003,0.9981,3.14M,0.04%
11-Dec-19,0.9991,0.9996,0.9998,0.9975,3.63M,-0.05%
12-Dec-19,0.9987,0.9991,1.0006,0.9981,3.04M,-0.04%
13-Dec-19,0.9993,0.9987,0.9999,0.9981,843.27K,0.06%
14-Dec-19,0.9996,0.9993,1.0001,0.9989,773.87K,0.03%
15-Dec-19,0.9993,0.9996,0.9998,0.9988,486.84K,-0.03%
16-Dec-19,0.9983,0.9993,0.9999,0.9975,3.22M,-0.10%
17-Dec-19,0.9989,0.9983,1.0008,0.9977,2.45M,0.06%
18-Dec-19,1.0011,0.9987,1.0011,0.997,2.69M,0.22%
19-Dec-19,0.9997,1.0011,1.0014,0.997,2.19M,-0.14%
20-Dec-19,1.0003,0.9997,1.0008,0.9985,2.16M,0.06%
21-Dec-19,1.0004,1.0003,1.0014,0.9999,1.33M,0.01%
22-Dec-19,1.0006,1.0004,1.0009,0.9998,440.14K,0.02%
23-Dec-19,0.9996,1.0006,1.0015,0.9989,1.63M,-0.10%
24-Dec-19,0.9992,0.9996,1.0001,0.9975,1.41M,-0.04%
25-Dec-19,0.9986,0.9992,0.9997,0.9982,884.21K,-0.06%
26-Dec-19,0.9986,0.9986,0.9991,0.9971,1.26M,0.00%
27-Dec-19,0.9987,0.9986,0.9988,0.996,2.24M,0.01%
28-Dec-19,0.9979,0.9987,0.9995,0.9971,1.52M,-0.08%
29-Dec-19,0.9987,0.9979,0.9994,0.9974,974.55K,0.08%
30-Dec-19,0.9966,0.9988,0.9988,0.9964,2.01M,-0.21%
31-Dec-19,0.9963,0.9966,0.998,0.996,782.20K,-0.03%
1-Jan-20,0.997,0.9963,0.9978,0.996,262.41K,0.07%
2-Jan-20,0.997,0.997,0.9979,0.9952,862.22K,0.00%
3-Jan-20,0.9984,0.997,0.9995,0.996,1.99M,0.14%
4-Jan-20,0.9979,0.9984,0.9994,0.9976,718.00K,-0.05%
5-Jan-20,0.9991,0.9979,0.9998,0.9979,806.22K,0.12%
6-Jan-20,1.0004,0.9991,1.0004,0.9973,1.01M,0.13%
7-Jan-20,1.0005,1.0004,1.0013,0.9985,1.60M,0.01%
8-Jan-20,0.9993,1.0005,1.0015,0.9989,1.73M,-0.12%
9-Jan-20,0.9986,0.9993,1.0003,0.9984,1.72M,-0.07%
10-Jan-20,0.9996,0.9986,1.0006,0.9973,1.33M,0.10%
11-Jan-20,0.9994,0.9996,1.001,0.999,563.87K,-0.02%
12-Jan-20,0.9994,0.9994,1.0001,0.9982,722.33K,0.00%
13-Jan-20,0.9998,0.9994,1,0.9972,1.11M,0.04%
14-Jan-20,0.9998,0.9998,1.0057,0.9989,4.41M,0.00%
15-Jan-20,0.999,0.9998,1,0.9945,2.96M,-0.08%
16-Jan-20,0.9991,0.999,0.9998,0.9972,2.91M,0.01%
17-Jan-20,0.9979,0.9991,0.9992,0.9974,3.35M,-0.12%
18-Jan-20,0.9994,0.9983,1,0.9979,1.30M,0.15%
19-Jan-20,0.9991,0.9994,0.9998,0.9966,1.58M,-0.03%
20-Jan-20,0.998,0.9991,0.9994,0.9976,1.13M,-0.11%
21-Jan-20,0.9982,0.998,0.9991,0.9972,1.43M,0.02%
22-Jan-20,0.9972,0.9982,0.9999,0.9962,1.07M,-0.10%
23-Jan-20,0.9971,0.9972,0.9985,0.9957,1.83M,-0.01%
24-Jan-20,0.9982,0.9971,0.9991,0.997,1.88M,0.11%
25-Jan-20,0.9978,0.9982,0.9987,0.997,1.04M,-0.04%
26-Jan-20,0.9979,0.9978,0.9983,0.9965,1.10M,0.01%
27-Jan-20,0.9976,0.9979,1,0.996,4.06M,-0.03%
28-Jan-20,1.0004,0.9976,1.0005,0.9973,2.79M,0.28%
29-Jan-20,0.9979,1.0004,1.0007,0.9973,1.45M,-0.25%
30-Jan-20,0.9985,0.9979,1.0008,0.9965,3.06M,0.06%
31-Jan-20,0.9983,0.9985,1.0004,0.997,2.25M,-0.02%
1-Feb-20,0.999,0.9983,0.9996,0.9982,682.50K,0.07%
2-Feb-20,0.9987,0.999,1,0.9979,1.10M,-0.03%
3-Feb-20,0.9986,0.9987,1,0.9975,2.35M,-0.01%
4-Feb-20,0.9969,0.9986,0.9996,0.996,2.44M,-0.17%
5-Feb-20,0.9993,0.9969,1.0015,0.9955,3.30M,0.24%
6-Feb-20,0.9981,0.9993,1.0008,0.9975,1.96M,-0.12%
7-Feb-20,0.9984,0.9981,0.9988,0.9962,2.15M,0.03%
8-Feb-20,1.0007,0.9984,1.0045,0.9979,2.55M,0.23%
9-Feb-20,1.0006,1.0003,1.0023,0.9994,1.83M,-0.01%
10-Feb-20,0.9998,1.0006,1.002,0.9983,3.23M,-0.08%
11-Feb-20,1.004,0.9998,1.005,0.9987,5.14M,0.42%
12-Feb-20,1.0021,1.004,1.0049,1.0008,3.80M,-0.19%
13-Feb-20,1,1.0021,1.0031,0.9986,2.39M,-0.21%
14-Feb-20,1.002,1,1.0031,0.9987,3.54M,0.20%
15-Feb-20,0.9995,1.0017,1.004,0.9987,3.15M,-0.25%
16-Feb-20,1.0006,0.9995,1.0015,0.999,2.31M,0.11%
17-Feb-20,1.0005,1.0006,1.0045,1.0002,2.75M,-0.01%
18-Feb-20,1.0022,1.0005,1.0035,1.0001,2.31M,0.17%
19-Feb-20,1.0004,1.0022,1.0035,1,3.77M,-0.18%
20-Feb-20,1.0005,1.0004,1.0015,0.9985,2.83M,0.01%
21-Feb-20,1.001,1.0008,1.0022,1.0004,1.22M,0.05%
22-Feb-20,1.0017,1.001,1.0021,1.0006,670.33K,0.07%
23-Feb-20,1.0028,1.0017,1.0039,1.0012,1.24M,0.11%
24-Feb-20,1.0001,1.003,1.0035,0.9992,2.39M,-0.27%
25-Feb-20,0.9993,1.0001,1.0035,0.9991,2.15M,-0.08%
26-Feb-20,0.9996,0.9993,1.0012,0.9972,2.87M,0.03%
27-Feb-20,0.9994,0.9996,1.001,0.9986,3.39M,-0.02%
28-Feb-20,1.0014,0.9994,1.0024,0.9986,2.36M,0.20%
29-Feb-20,1.0002,1.002,1.0023,1,1.12M,-0.12%
1-Mar-20,0.9988,1.0002,1.0009,0.9986,1.06M,-0.14%
2-Mar-20,1.0007,0.9988,1.001,0.9986,4.20M,0.19%
3-Mar-20,1.0006,1.0004,1.0018,1,1.61M,-0.01%
4-Mar-20,1.0005,1.0006,1.0035,0.9999,2.21M,-0.01%
5-Mar-20,1.0015,1.0005,1.0023,1.0003,2.88M,0.10%
6-Mar-20,1.0023,1.0015,1.003,1.0006,1.71M,0.08%
7-Mar-20,1.001,1.0023,1.003,1.0008,1.21M,-0.13%
8-Mar-20,1.0006,1.001,1.002,0.997,2.30M,-0.04%
9-Mar-20,1.0002,1.0004,1.002,0.9996,3.88M,-0.04%
10-Mar-20,1,1.0002,1.002,0.9995,2.94M,-0.02%
11-Mar-20,1.0004,1,1.0033,0.9998,3.24M,0.04%
12-Mar-20,1.0048,1.0004,1.0064,0.9955,12.15M,0.44%
13-Mar-20,1.0099,1.0044,1.051,0.9972,9.85M,0.51%
14-Mar-20,1.0119,1.0099,1.0148,1.0002,2.65M,0.20%
15-Mar-20,0.9971,1.0119,1.29,0.997,8.98M,-1.46%
16-Mar-20,1.0023,0.9971,1.015,0.997,7.65M,0.52%
17-Mar-20,1.0044,1.0023,1.0056,1.0016,4.77M,0.21%
18-Mar-20,1.0034,1.0044,1.0057,1.0016,2.33M,-0.10%
19-Mar-20,1.0034,1.0035,1.011,1.0022,6.94M,0.00%
20-Mar-20,1.0001,1.0034,1.0065,0.998,7.23M,-0.33%
21-Mar-20,1.001,1.0001,1.0028,0.9997,2.11M,0.09%
22-Mar-20,1.0005,1.001,1.0027,1.0005,2.29M,-0.05%
23-Mar-20,1.004,1.0005,1.0052,1.0002,4.91M,0.35%
24-Mar-20,1.0033,1.0042,1.0052,1.0024,4.07M,-0.07%
25-Mar-20,1.0018,1.0033,1.004,1.0008,4.22M,-0.15%
26-Mar-20,1.0038,1.0018,1.0038,1.0013,2.64M,0.20%
27-Mar-20,1.0011,1.0038,1.0048,1.0008,3.12M,-0.27%
28-Mar-20,1.0023,1.0011,1.0027,1.0008,4.43M,0.12%
29-Mar-20,0.9998,1.0023,1.0024,0.9995,2.46M,-0.25%
30-Mar-20,1.002,0.9998,1.0038,0.9997,3.93M,0.22%
31-Mar-20,1.0017,1.0022,1.0026,1.001,4.20M,-0.03%
1-Apr-20,1.0027,1.0017,1.003,1.001,5.06M,0.10%
2-Apr-20,1.0005,1.0027,1.0034,1.0005,5.93M,-0.22%
3-Apr-20,1.0009,1.0005,1.0025,1.0005,3.54M,0.04%
4-Apr-20,1.0017,1.0009,1.0022,1.0007,2.06M,0.08%
5-Apr-20,1.0012,1.0017,1.0022,1.0004,2.66M,-0.05%
6-Apr-20,1.0016,1.0012,1.0025,1.0008,6.79M,0.04%
7-Apr-20,1.0001,1.0016,1.0026,1.0001,5.74M,-0.15%
8-Apr-20,1.0014,1.0001,1.0017,1,3.77M,0.13%
9-Apr-20,1.0013,1.0014,1.0021,1.0006,4.39M,-0.01%
10-Apr-20,1.0014,1.0013,1.0022,1.0006,6.96M,0.01%
11-Apr-20,1.0017,1.0014,1.0019,1.0011,2.67M,0.03%
12-Apr-20,1.0013,1.0017,1.0034,1.0011,5.49M,-0.04%
13-Apr-20,1.0025,1.0013,1.0026,1.0008,6.05M,0.12%
14-Apr-20,1.0011,1.0025,1.0029,1.0009,6.33M,-0.14%
15-Apr-20,1.0005,1.0011,1.0016,1.0003,3.94M,-0.06%
16-Apr-20,1.0017,1.0005,1.0022,1.0003,3.55M,0.12%
17-Apr-20,1.0013,1.0016,1.002,1,3.52M,-0.04%
18-Apr-20,1.0012,1.0013,1.002,1.0008,3.64M,-0.01%
19-Apr-20,1.0012,1.0012,1.0017,1.0009,2.62M,0.00%
20-Apr-20,1.0013,1.0015,1.0018,1.0006,8.17M,0.01%
21-Apr-20,1.0015,1.0013,1.0019,1.0011,5.38M,0.02%
22-Apr-20,1.0014,1.0015,1.0019,1.0011,4.58M,-0.01%
23-Apr-20,1.0007,1.0014,1.002,1.0006,6.38M,-0.07%
24-Apr-20,1.0015,1.0007,1.0015,0.9999,5.70M,0.08%
25-Apr-20,1.0009,1.0015,1.0015,1.0001,2.38M,-0.06%
26-Apr-20,1.0009,1.001,1.0013,0.9999,3.31M,0.00%
27-Apr-20,1.0015,1.0009,1.0017,1.0007,4.53M,0.06%
28-Apr-20,1.0016,1.0015,1.0019,1.0008,5.28M,0.01%
29-Apr-20,1.0009,1.0016,1.003,1.0009,9.38M,-0.07%
30-Apr-20,1.0005,1.0009,1.0015,0.99,11.56M,-0.04%
1-May-20,1.0004,1.0005,1.0016,0.9994,6.38M,-0.01%
2-May-20,1.0012,1.0004,1.0013,1.0001,4.25M,0.08%
3-May-20,1.0008,1.0012,1.0015,1,5.80M,-0.04%
4-May-20,1.0017,1.0008,1.0019,1.0003,4.66M,0.09%
5-May-20,1.0009,1.0017,1.0018,1.0006,4.95M,-0.08%
6-May-20,1.0013,1.0009,1.0019,1.0007,3.14M,0.04%
7-May-20,1.0016,1.0013,1.0017,1.0002,8.09M,0.03%
8-May-20,1.0011,1.0017,1.0021,1.0009,7.57M,-0.05%
9-May-20,1,1.0011,1.0012,0.9999,6.30M,-0.11%
10-May-20,1.0005,1,1.0012,0.9992,14.74M,0.05%
11-May-20,1.0008,1.0003,1.0011,1,9.21M,0.03%
12-May-20,1.0007,1.0007,1.0008,1,8.56M,-0.01%
13-May-20,1.0012,1.0007,1.0016,1.0002,10.29M,0.05%
14-May-20,1.0002,1.0012,1.0012,0.9994,9.46M,-0.10%
15-May-20,0.999,1.0002,1.0004,0.9982,4.75M,-0.12%
16-May-20,0.9997,0.9993,1,0.9987,3.27M,0.07%
17-May-20,0.9999,0.9997,1.0006,0.9994,2.71M,0.02%
18-May-20,0.9996,0.9999,1.0001,0.9986,4.21M,-0.03%
19-May-20,1.0002,0.9996,1.0005,0.9985,5.12M,0.06%
20-May-20,0.9994,1.0003,1.0005,0.9986,5.89M,-0.08%
21-May-20,0.9988,0.9994,0.9996,0.9978,6.50M,-0.06%
22-May-20,1,0.9988,1.0004,0.9984,6.48M,0.12%
23-May-20,1.0001,1,1.0005,0.9997,3.57M,0.01%
24-May-20,0.9993,1,1.0005,0.999,5.01M,-0.08%
25-May-20,0.9999,0.9994,1.0002,0.999,2.45M,0.06%
26-May-20,0.9999,0.9999,1.0002,0.9995,4.03M,0.00%
27-May-20,1,0.9999,1.001,0.9994,7.78M,0.01%
28-May-20,1.0002,0.9999,1.0006,0.9994,6.25M,0.02%
29-May-20,0.9996,1.0002,1.0005,0.9992,6.65M,-0.06%
30-May-20,1,0.9996,1.0002,0.9993,7.88M,0.04%
31-May-20,0.9993,1,1.0003,0.9991,7.99M,-0.07%
1-Jun-20,1.0012,0.9994,1.0039,0.9984,10.73M,0.19%
2-Jun-20,0.9998,1.0012,1.0016,0.9992,7.65M,-0.14%
3-Jun-20,0.9999,0.9999,1.0007,0.9993,7.66M,0.01%
4-Jun-20,0.9999,0.9999,1.0003,0.9991,7.06M,0.00%
5-Jun-20,0.9995,0.9999,1.0002,0.9993,4.76M,-0.04%
6-Jun-20,0.9998,0.9995,1.0001,0.9992,2.74M,0.03%
7-Jun-20,1.0005,0.9998,1.0005,0.9994,4.10M,0.07%
8-Jun-20,1.0006,1.0004,1.0007,0.9999,5.75M,0.01%
9-Jun-20,1.0006,1.0006,1.001,0.9999,5.48M,0.00%
10-Jun-20,1.0005,1.0006,1.0009,0.9998,2.16M,-0.01%
11-Jun-20,0.9988,1.0005,1.0007,0.9973,6.74M,-0.17%
12-Jun-20,0.9995,0.9986,0.9998,0.9983,4.67M,0.07%
13-Jun-20,0.9998,0.9995,1,0.9994,1.46M,0.03%
14-Jun-20,0.9994,0.9998,0.9999,0.999,2.24M,-0.04%
15-Jun-20,1.0003,0.9994,1.0005,0.9981,7.58M,0.09%
16-Jun-20,0.9999,1.0003,1.0006,0.9993,4.60M,-0.04%
17-Jun-20,0.9989,0.9999,0.9999,0.9986,4.74M,-0.10%
18-Jun-20,0.9988,0.9989,0.9995,0.9987,4.77M,-0.01%
19-Jun-20,0.9986,0.9988,0.9995,0.9977,7.17M,-0.02%
20-Jun-20,0.9994,0.9986,0.9995,0.9986,2.39M,0.08%
21-Jun-20,0.999,0.9994,0.9996,0.9987,2.26M,-0.04%
22-Jun-20,1.0002,0.999,1.0006,0.9986,7.75M,0.12%
23-Jun-20,0.9997,1.0002,1.0003,0.9992,5.08M,-0.05%
24-Jun-20,0.9988,0.9997,0.9998,0.998,4.35M,-0.09%
25-Jun-20,0.9989,0.9989,0.9995,0.9975,6.01M,0.01%
26-Jun-20,0.9992,0.9989,0.9992,0.9982,2.99M,0.03%
27-Jun-20,0.999,0.9992,0.9993,0.9982,4.33M,-0.02%
28-Jun-20,0.9994,0.999,0.9995,0.9988,2.43M,0.04%
29-Jun-20,0.9994,0.9994,0.9998,0.9985,6.49M,0.00%
30-Jun-20,0.9998,0.9994,1.0001,0.9991,5.72M,0.04%
1-Jul-20,1.0005,0.9998,1.0006,0.9992,6.10M,0.07%
2-Jul-20,1.0001,1.0005,1.0007,0.9993,5.16M,-0.04%
3-Jul-20,1,1.0001,1.0002,0.9992,4.85M,-0.01%
4-Jul-20,1.0003,1,1.0004,0.9998,1.63M,0.03%
5-Jul-20,1.0004,1.0003,1.0004,0.9998,2.05M,0.01%
6-Jul-20,1.0002,1.0004,1.0004,0.9999,5.08M,-0.02%
7-Jul-20,1.0001,1.0002,1.0002,1.0001,4.05M,-0.01%
8-Jul-20,1.0006,1.0001,1.0006,1,7.43M,0.05%
9-Jul-20,1.0001,1.0003,1.0003,0.9998,-,-0.05%
10-Jul-20,0.9999,0.9998,0.9999,0.9995,7.04M,-0.02%
11-Jul-20,0.9998,0.9995,1,0.9995,702.24K,-0.01%
12-Jul-20,1.0002,0.9998,1.0002,0.9998,2.90M,0.04%
13-Jul-20,0.9992,1.0001,1.0001,0.9992,6.68M,-0.10%
14-Jul-20,0.9998,0.9994,0.9999,0.9993,4.92M,0.06%
15-Jul-20,0.9989,0.9998,0.9998,0.9989,5.61M,-0.09%
16-Jul-20,0.9995,0.9989,0.9995,0.9989,6.41M,0.06%
17-Jul-20,0.9998,0.9996,0.9998,0.9989,5.50M,0.03%
18-Jul-20,1.0003,0.9998,1.0003,0.9997,2.90M,0.05%
19-Jul-20,1.0005,1.0003,1.0005,1.0001,1.93M,0.02%
20-Jul-20,1,1.0005,1.0005,1,5.62M,-0.05%
21-Jul-20,1.0005,1,1.0005,1,7.65M,0.05%
22-Jul-20,1.0013,1.0005,1.0016,1.0005,6.84M,0.08%
23-Jul-20,1.0009,1.0013,1.0013,1.0008,9.73M,-0.04%
24-Jul-20,1.0013,1.001,1.0013,1.0006,7.01M,0.04%
25-Jul-20,1.0012,1.0012,1.0012,1.0009,3.78M,-0.01%
26-Jul-20,1.0008,1.0012,1.0013,1.0006,5.86M,-0.04%
27-Jul-20,1.0019,1.0008,1.0021,1.0008,12.80M,0.11%
28-Jul-20,1.0018,1.0019,1.0019,1.0003,11.68M,-0.01%
29-Jul-20,1.0009,1.0018,1.0018,1.0007,9.73M,-0.09%
30-Jul-20,1.0012,1.0009,1.0013,1.0003,8.99M,0.03%
31-Jul-20,1.0015,1.0012,1.0015,1.0007,6.61M,0.03%
1-Aug-20,1.0014,1.0015,1.0015,1.001,7.69M,-0.01%
2-Aug-20,1.0003,1.0014,1.0014,1.0003,13.07M,-0.11%
3-Aug-20,1.0007,1.0003,1.0007,1.0003,6.89M,0.04%
4-Aug-20,1.0006,1.0007,1.0007,1.0005,7.98M,-0.01%
5-Aug-20,1.0012,1.0005,1.0012,1.0003,7.79M,0.06%
6-Aug-20,1.0009,1.0011,1.0011,1.0009,6.62M,-0.03%
7-Aug-20,1.0009,1.0009,1.0009,1.0005,8.60M,0.00%
8-Aug-20,1.0007,1.0009,1.0012,1.0004,5.64M,-0.02%
9-Aug-20,1.0005,1.0007,1.0007,1.0005,6.15M,-0.02%
10-Aug-20,1.0008,1.0005,1.001,1.0005,13.31M,0.03%
11-Aug-20,0.9999,1.0008,1.0008,0.9999,12.62M,-0.09%
12-Aug-20,1.0003,0.9999,1.0005,0.9999,10.18M,0.04%
13-Aug-20,1.0012,1.0003,1.0012,1.0003,13.84M,0.09%
14-Aug-20,1.0013,1.0012,1.0013,1.0012,12.27M,0.01%
15-Aug-20,1.0004,1.0013,1.0013,1.0002,8.23M,-0.09%
16-Aug-20,1.0004,1.0004,1.0006,1.0004,8.85M,0.00%
17-Aug-20,1.0011,1.0004,1.0011,1.0003,13.79M,0.07%
18-Aug-20,1.001,1.0011,1.0011,1.0006,15.52M,-0.01%
19-Aug-20,1.0003,1.001,1.001,1.0003,14.50M,-0.07%
20-Aug-20,1.0009,1.0003,1.0009,1.0002,13.16M,0.06%
21-Aug-20,1,1.0008,1.0008,1,18.74M,-0.09%
22-Aug-20,1.0002,1,1.0003,0.9998,11.39M,0.02%
23-Aug-20,1.0004,1.0002,1.0004,1.0002,6.53M,0.02%
24-Aug-20,1.0004,1.0004,1.0004,1.0002,11.80M,0.00%
25-Aug-20,1.0002,1.0004,1.0004,1,16.47M,-0.02%
26-Aug-20,1.0003,1.0003,1.0008,1.0003,14.33M,0.01%
27-Aug-20,1.0004,1.0003,1.0004,1.0003,17.55M,0.01%
28-Aug-20,1.0006,1.0004,1.0006,1.0004,12.81M,0.02%
29-Aug-20,1.0003,1.0006,1.0006,1.0003,7.58M,-0.03%
30-Aug-20,1,1.0003,1.0003,0.9998,6.98M,-0.03%
31-Aug-20,1.0002,1.0001,1.0006,1,17.92M,0.02%
1-Sep-20,1.0004,1.0002,1.0012,1.0002,17.85M,0.02%
2-Sep-20,1.0009,1.0004,1.001,1.0001,24.32M,0.05%
3-Sep-20,1.0016,1.001,1.0016,1.0002,24.91M,0.07%
4-Sep-20,1.0008,1.0016,1.0016,1.0008,17.85M,-0.08%
5-Sep-20,1.0002,1.0008,1.0008,1.0002,15.65M,-0.06%
6-Sep-20,0.9998,1.0002,1.0002,0.9998,8.28M,-0.04%
7-Sep-20,1,0.9998,1.0002,0.9998,12.31M,0.02%
8-Sep-20,1.0001,1,1.0003,1,17.21M,0.01%
9-Sep-20,1.0001,1.0001,1.0003,1.0001,14.44M,0.00%
10-Sep-20,1.0003,1.0001,1.0008,1.0001,19.93M,0.02%
11-Sep-20,1.0005,1.0003,1.0005,1.0003,13.64M,0.02%
12-Sep-20,1.0003,1.0005,1.0005,1,6.10M,-0.02%
13-Sep-20,1,1.0002,1.0002,1,9.80M,-0.03%
14-Sep-20,1.0003,1,1.0003,1,12.92M,0.03%
15-Sep-20,1.0002,1.0003,1.0006,1.0002,17.26M,-0.01%
16-Sep-20,1.0004,1.0002,1.0005,1.0002,18.62M,0.02%
17-Sep-20,1.0001,1.0004,1.0004,1.0001,11.23M,-0.03%
18-Sep-20,1.0001,1.0001,1.0003,1.0001,20.75M,0.00%
19-Sep-20,1,1.0001,1.0003,1,6.29M,-0.01%
20-Sep-20,1,1,1,1,6.30M,0.00%
21-Sep-20,0.9999,1,1,0.9998,21.96M,-0.01%
22-Sep-20,1,0.9999,1.0003,0.9999,15.81M,0.01%
23-Sep-20,0.9996,1,1,0.9996,18.04M,-0.04%
24-Sep-20,1.0002,0.9995,1.0002,0.9995,13.78M,0.06%
25-Sep-20,1.0005,1.0002,1.0005,1.0002,12.72M,0.03%
26-Sep-20,1.0004,1.0005,1.0005,1.0004,3.98M,-0.01%
27-Sep-20,1.0002,1.0004,1.0004,1.0002,4.77M,-0.02%
28-Sep-20,0.9997,1.0002,1.0007,0.9997,12.08M,-0.05%
29-Sep-20,1,0.9997,1.0003,0.9996,13.56M,0.03%
30-Sep-20,1,1,1.0001,0.9996,12.78M,0.00%
1-Oct-20,0.9999,1,1.0007,0.9999,15.25M,-0.01%
2-Oct-20,1.0003,0.9999,1.0003,0.9999,14.20M,0.04%
3-Oct-20,1.0004,1.0003,1.0004,1.0003,3.15M,0.01%
4-Oct-20,1.0004,1.0004,1.0005,1.0003,3.10M,0.00%
5-Oct-20,1.0004,1.0004,1.0014,1.0004,21.56M,0.00%
6-Oct-20,0.9998,1.0004,1.0004,0.9998,15.22M,-0.06%
7-Oct-20,0.9999,0.9998,1.0001,0.9998,18.32M,0.01%
8-Oct-20,1.0006,0.9999,1.0006,0.9999,13.08M,0.07%
9-Oct-20,1.0007,1.0006,1.0008,1.0005,15.34M,0.01%
10-Oct-20,1.0007,1.0007,1.0008,1.0006,4.57M,0.00%
11-Oct-20,1.0002,1.0007,1.0007,1.0002,4.82M,-0.05%
12-Oct-20,1.0005,1.0002,1.0005,1.0002,10.86M,0.03%
13-Oct-20,1.0007,1.0006,1.0009,1.0006,14.85M,0.02%
14-Oct-20,1.0008,1.0007,1.0008,1.0007,14.92M,0.01%
15-Oct-20,1.0008,1.0008,1.0008,1.0005,15.64M,0.00%
16-Oct-20,1.0008,1.0008,1.0011,1.0008,15.80M,0.00%
17-Oct-20,1.0004,1.0008,1.0008,1.0004,3.57M,-0.04%
18-Oct-20,1.0005,1.0004,1.0006,1.0004,2.70M,0.01%
19-Oct-20,1.0006,1.0005,1.0008,1.0002,19.46M,0.01%
20-Oct-20,1.001,1.0006,1.001,1.0004,13.28M,0.04%
21-Oct-20,1.0018,1.001,1.0018,1.001,20.28M,0.08%
22-Oct-20,1.0009,1.0018,1.0018,1.0008,17.38M,-0.09%
23-Oct-20,1.001,1.0009,1.001,1.0005,13.89M,0.01%
24-Oct-20,1.0009,1.001,1.001,1.0009,4.82M,-0.01%
25-Oct-20,1.0007,1.0009,1.0012,1.0007,5.50M,-0.02%
26-Oct-20,1.0012,1.0007,1.0012,1.0006,11.83M,0.05%
27-Oct-20,1.0007,1.0012,1.0012,1.0005,17.07M,-0.05%
28-Oct-20,1.0006,1.0007,1.0007,1.0002,14.43M,-0.01%
29-Oct-20,1.0005,1.0006,1.0007,1.0005,14.18M,-0.01%
30-Oct-20,1.0007,1.0005,1.0007,1.0005,17.74M,0.02%
31-Oct-20,1.0009,1.0007,1.0009,1.0006,6.74M,0.02%
1-Nov-20,1.0008,1.0009,1.0009,1.0007,3.76M,-0.01%
2-Nov-20,1.0009,1.0008,1.0009,1.0006,17.13M,0.01%
3-Nov-20,1.0005,1.0009,1.0009,1.0005,17.21M,-0.04%
4-Nov-20,1.0015,1.0005,1.0015,1.0005,18.94M,0.10%
5-Nov-20,1.0013,1.0015,1.0015,1.0009,33.49M,-0.02%
6-Nov-20,1.0014,1.0013,1.0014,1.0011,24.50M,0.01%
7-Nov-20,1.0012,1.0014,1.0014,1.001,16.49M,-0.02%
8-Nov-20,1.0004,1.0012,1.0013,1.0004,12.84M,-0.08%
9-Nov-20,1.0005,1.0004,1.0009,1.0004,17.29M,0.01%
10-Nov-20,1.0014,1.0005,1.0014,1.0004,20.63M,0.09%
11-Nov-20,1.0011,1.0014,1.0014,1.0009,20.84M,-0.03%
12-Nov-20,1.0008,1.0011,1.0014,1.0008,29.59M,-0.03%
13-Nov-20,1.001,1.0008,1.001,1.0006,26.64M,0.02%
14-Nov-20,1.0009,1.001,1.001,1.0008,10.28M,-0.01%
15-Nov-20,1.0008,1.0009,1.001,1.0007,9.03M,-0.01%
16-Nov-20,1.0007,1.0008,1.0009,1.0003,23.43M,-0.01%
17-Nov-20,1.0011,1.0007,1.0011,1.0004,27.73M,0.04%
18-Nov-20,1.001,1.0011,1.0011,1.0008,32.44M,-0.01%
19-Nov-20,1.0011,1.001,1.0011,1.0005,21.69M,0.01%
20-Nov-20,1.001,1.0011,1.0011,1.0008,27.76M,-0.01%
21-Nov-20,1.0006,1.001,1.0011,1.0006,16.89M,-0.04%
22-Nov-20,1.0011,1.0006,1.0011,1.0004,20.07M,0.05%
23-Nov-20,1.0008,1.0011,1.0011,1.0006,39.19M,-0.03%
24-Nov-20,1.0007,1.0007,1.0009,1.0004,48.40M,-0.01%
25-Nov-20,1.0001,1.0007,1.0008,0.9999,40.94M,-0.06%
26-Nov-20,1.0008,1.0001,1.001,0.9997,43.35M,0.07%
27-Nov-20,1.0003,1.0008,1.0008,0.9997,29.57M,-0.05%
28-Nov-20,1.0007,1.0004,1.0012,1.0004,18.37M,0.04%
29-Nov-20,1.001,1.0007,1.001,1.0004,13.20M,0.03%
30-Nov-20,1.0005,1.0009,1.0009,1.0005,45.30M,-0.05%
1-Dec-20,1.0008,1.0005,1.0008,0.9999,48.14M,0.03%
2-Dec-20,1.0007,1.0008,1.0008,1.0001,46.75M,-0.01%
3-Dec-20,1.0007,1.0007,1.0007,1.0006,55.08M,0.00%
4-Dec-20,1.0002,1.0007,1.0008,1.0002,47.00M,-0.05%
5-Dec-20,1.0004,1.0002,1.001,1.0002,14.41M,0.02%
6-Dec-20,1.0006,1.0004,1.0008,1.0004,9.45M,0.02%
7-Dec-20,1.0003,1.0006,1.0006,0.9999,38.61M,-0.03%
8-Dec-20,0.9993,1.0003,1.0003,0.9993,49.84M,-0.10%
9-Dec-20,1.0003,0.9993,1.0003,0.9992,64.93M,0.10%
10-Dec-20,1.0001,1.0003,1.0003,0.9999,47.62M,-0.02%
11-Dec-20,1,1.0001,1.0001,0.9996,54.83M,-0.01%
12-Dec-20,1.0004,0.9999,1.0004,0.9999,12.53M,0.04%
13-Dec-20,0.9993,1.0004,1.0004,0.9993,16.72M,-0.11%
14-Dec-20,0.9997,0.9993,0.9997,0.9993,29.36M,0.04%
15-Dec-20,1.0003,0.9997,1.0003,0.9997,35.54M,0.06%
16-Dec-20,1.0011,1.0004,1.0011,1.0002,64.59M,0.08%
17-Dec-20,1.0004,1.001,1.001,0.9996,116.12M,-0.07%
18-Dec-20,1.001,1.0004,1.001,1.0002,46.59M,0.06%
19-Dec-20,1.001,1.001,1.0011,1.001,26.20M,0.00%
20-Dec-20,1.0007,1.001,1.001,1.0002,32.29M,-0.03%
21-Dec-20,1,1.0007,1.0007,1,75.63M,-0.07%
22-Dec-20,1.0001,1.0001,1.0001,0.9994,56.57M,0.01%
23-Dec-20,0.9999,1,1,0.9994,51.54M,-0.02%
24-Dec-20,0.9998,0.9999,1.0002,0.9997,40.56M,-0.01%
25-Dec-20,0.9998,0.9998,0.9998,0.9998,24.94M,0.00%
26-Dec-20,0.9992,0.9998,0.9998,0.9992,25.85M,-0.06%
27-Dec-20,0.9987,0.9992,0.9994,0.9987,36.94M,-0.05%
28-Dec-20,0.9982,0.9987,0.999,0.9982,48.51M,-0.05%
29-Dec-20,0.9992,0.9982,0.9992,0.9982,58.70M,0.10%
30-Dec-20,1.0005,0.9991,1.0005,0.9991,56.51M,0.13%
31-Dec-20,1.001,1.0005,1.001,1,68.15M,0.05%
1-Jan-21,1.0024,1.001,1.0024,1.001,103.01M,0.14%
2-Jan-21,1.0008,1.0024,1.0024,1.0008,79.86M,-0.16%
3-Jan-21,1.0012,1.0009,1.0012,1.0007,73.23M,0.04%
4-Jan-21,1.0007,1.0013,1.0013,1.0007,103.40M,-0.05%
5-Jan-21,1.0028,1.0007,1.0038,1.0005,66.60M,0.21%
6-Jan-21,1.0022,1.0029,1.0029,1.0022,125.62M,-0.06%
7-Jan-21,1.0013,1.0022,1.0033,1.0002,99.44M,-0.09%
8-Jan-21,1.0011,1.0013,1.0013,1.001,99.16M,-0.02%
9-Jan-21,1.0037,1.0011,1.0037,1.0007,81.13M,0.26%
10-Jan-21,1.0001,1.0038,1.0038,1.0001,92.09M,-0.36%
11-Jan-21,1.0008,1.0001,1.0008,0.9986,106.04M,0.07%
12-Jan-21,0.9998,1.0008,1.0008,0.9996,91.68M,-0.10%
13-Jan-21,1.0003,0.9997,1.0003,0.9992,66.36M,0.05%
14-Jan-21,0.9989,1.0003,1.0003,0.9989,57.06M,-0.14%
15-Jan-21,1,0.9989,1,0.9989,60.13M,0.11%
16-Jan-21,0.9998,1,1.0006,0.9998,42.34M,-0.02%
17-Jan-21,0.9998,0.9998,1.0001,0.9998,44.62M,0.00%
18-Jan-21,1.0001,0.9997,1.0003,0.9995,44.02M,0.03%
19-Jan-21,1.0006,1.0001,1.0014,1.0001,77.67M,0.05%
20-Jan-21,1.0007,1.0006,1.0007,0.9997,68.61M,0.01%
21-Jan-21,0.9991,1.0007,1.0007,0.9991,80.13M,-0.16%
22-Jan-21,1.0007,0.9991,1.0009,0.9991,89.47M,0.16%
23-Jan-21,1.0008,1.0007,1.0008,1.0007,28.72M,0.01%
24-Jan-21,1.0011,1.0008,1.0011,1.0005,27.44M,0.03%
25-Jan-21,1.0001,1.001,1.001,1.0001,64.68M,-0.10%
26-Jan-21,1.0012,1.0001,1.0012,1.0001,75.17M,0.11%
27-Jan-21,1.0018,1.0012,1.0018,1.001,78.90M,0.06%
28-Jan-21,1.0027,1.0018,1.0027,1.0018,98.20M,0.09%
29-Jan-21,1.0004,1.0026,1.0026,1.0003,108.77M,-0.23%
30-Jan-21,1.001,1.0004,1.001,1.0004,40.25M,0.06%
31-Jan-21,1.0008,1.001,1.001,1.0004,37.03M,-0.02%
1-Feb-21,1.0003,1.0008,1.0008,1,87.66M,-0.05%
2-Feb-21,1.0008,1.0003,1.0009,1.0003,61.85M,0.05%
3-Feb-21,1.0014,1.0008,1.0014,1.0006,78.08M,0.06%
4-Feb-21,1.0011,1.0014,1.0014,1.0007,71.38M,-0.03%
5-Feb-21,1.0008,1.0012,1.0015,1.0008,73.61M,-0.03%
6-Feb-21,1.0016,1.0008,1.0016,1.0005,45.14M,0.08%
7-Feb-21,1.0016,1.0015,1.0016,1.001,58.53M,0.00%
8-Feb-21,1.0012,1.0016,1.0024,1.0008,112.97M,-0.04%
9-Feb-21,1.0015,1.0012,1.0015,1.0002,77.03M,0.03%
10-Feb-21,1.0008,1.0015,1.0015,1.0007,87.14M,-0.07%
11-Feb-21,1.0004,1.0008,1.0009,1.0004,95.84M,-0.04%
12-Feb-21,1.0023,1.0003,1.0023,1.0003,93.97M,0.19%
13-Feb-21,1.0013,1.0022,1.0022,1.0008,51.01M,-0.10%
14-Feb-21,1.0012,1.0013,1.0013,1.0008,62.43M,-0.01%
15-Feb-21,1.0003,1.0012,1.0012,1.0003,102.19M,-0.09%
16-Feb-21,1.0002,1.0003,1.0003,0.9998,74.15M,-0.01%
17-Feb-21,1.0008,1.0002,1.0008,0.9998,76.46M,0.06%
18-Feb-21,1.0002,1.0008,1.0008,1,87.23M,-0.06%
19-Feb-21,1.0007,1.0002,1.0007,0.9997,75.96M,0.05%
20-Feb-21,1.0008,1.0007,1.0008,0.9999,81.26M,0.01%
21-Feb-21,1.0012,1.0008,1.0012,1.0004,39.46M,0.04%
22-Feb-21,1.0009,1.0012,1.0012,1,127.04M,-0.03%
23-Feb-21,1.0003,1.0009,1.0012,1.0003,177.49M,-0.06%
24-Feb-21,1.001,1.0003,1.0016,1.0003,152.56M,0.07%
25-Feb-21,1,1.001,1.001,1,110.76M,-0.10%
26-Feb-21,1.0002,1,1.0005,1,144.77M,0.02%
27-Feb-21,1.001,1.0001,1.001,0.9995,56.00M,0.08%
28-Feb-21,1.0016,1.001,1.0022,1.0005,52.48M,0.06%
1-Mar-21,1.0007,1.0016,1.0016,1.0007,98.24M,-0.09%
2-Mar-21,1.001,1.0007,1.001,1.0005,133.79M,0.03%
3-Mar-21,1.0004,1.001,1.001,1.0004,71.18M,-0.06%
4-Mar-21,0.9998,1.0004,1.0006,0.9998,99.11M,-0.06%
5-Mar-21,1.0004,0.9998,1.0004,0.9998,87.54M,0.06%
6-Mar-21,1.0005,1.0004,1.0005,0.9999,60.53M,0.01%
7-Mar-21,1.0004,1.0005,1.0005,1.0004,55.72M,-0.01%
8-Mar-21,1.0004,1.0004,1.0005,1.0002,98.03M,0.00%
9-Mar-21,1.0006,1.0005,1.0006,1.0002,100.38M,0.02%
10-Mar-21,1.0001,1.0005,1.0005,1.0001,112.90M,-0.05%
11-Mar-21,1.0003,1.0001,1.0003,1.0001,113.70M,0.02%
12-Mar-21,1,1.0003,1.0003,1,85.87M,-0.03%
13-Mar-21,0.9997,1,1,0.9994,110.06M,-0.03%
14-Mar-21,1.0001,0.9996,1.0001,0.9996,61.73M,0.04%
15-Mar-21,1.0001,1,1.0001,1,145.45M,0.00%
16-Mar-21,1.0001,1.0001,1.0002,0.9995,139.03M,0.00%
17-Mar-21,1,1.0002,1.0002,1,150.52M,-0.01%
18-Mar-21,0.9999,1,1,0.9998,115.52M,-0.01%
19-Mar-21,1,0.9998,1,0.9998,86.96M,0.01%
20-Mar-21,1,1.0001,1.0003,1,66.24M,0.00%
21-Mar-21,1.0004,1,1.0007,1,55.23M,0.04%
22-Mar-21,1.0004,1.0004,1.0004,0.9999,152.45M,0.00%
23-Mar-21,1,1.0002,1.0002,1,178.26M,-0.04%
24-Mar-21,0.9999,1,1,0.9997,113.71M,-0.01%
25-Mar-21,1.0002,0.9999,1.0002,0.9996,110.52M,0.03%
26-Mar-21,1.0005,1.0002,1.0005,1.0002,90.23M,0.03%
27-Mar-21,1.0002,1.0005,1.0005,1.0002,74.04M,-0.03%
28-Mar-21,0.9997,1.0002,1.0002,0.9997,70.26M,-0.05%
29-Mar-21,0.9998,0.9997,1.0001,0.9997,116.24M,0.01%
30-Mar-21,1.0004,0.9998,1.0004,0.9996,108.34M,0.06%
31-Mar-21,1.0004,1.0003,1.0006,1.0003,127.98M,0.00%
1-Apr-21,0.9997,1.0004,1.0004,0.9997,144.61M,-0.07%
2-Apr-21,1.0002,0.9997,1.0002,0.9997,77.11M,0.05%
3-Apr-21,1.0004,1.0002,1.0004,0.9999,45.73M,0.02%
4-Apr-21,1.0001,1.0004,1.0004,1.0001,32.96M,-0.03%
5-Apr-21,1.0001,1.0001,1.0003,1,95.20M,0.00%
6-Apr-21,1.0003,1,1.0003,1,108.13M,0.02%
7-Apr-21,0.9998,1.0002,1.0002,0.9997,157.66M,-0.05%
8-Apr-21,0.9999,0.9998,1.0002,0.9995,142.27M,0.01%
9-Apr-21,0.9996,0.9998,1.0001,0.9996,114.25M,-0.03%
10-Apr-21,0.9994,0.9996,0.9996,0.9991,82.66M,-0.02%
11-Apr-21,0.9993,0.9995,0.9995,0.9992,40.43M,-0.01%
12-Apr-21,0.9996,0.9993,0.9996,0.9993,170.95M,0.03%
13-Apr-21,1.0002,0.9996,1.0002,0.9996,155.25M,0.06%
14-Apr-21,1.0001,1.0002,1.0006,1.0001,199.73M,-0.01%
15-Apr-21,1.0011,1.0001,1.0011,1,139.34M,0.10%
16-Apr-21,1.0013,1.0011,1.0015,1.0011,315.28M,0.02%
17-Apr-21,1.0009,1.0013,1.0013,1.0009,126.40M,-0.04%
18-Apr-21,1.0019,1.001,1.0021,1.0008,276.24M,0.10%
19-Apr-21,1.001,1.0019,1.0019,1.001,275.87M,-0.09%
20-Apr-21,1.0011,1.001,1.0014,1.001,235.30M,0.01%
21-Apr-21,1.0003,1.001,1.001,1.0003,149.78M,-0.08%
22-Apr-21,1.0002,1.0003,1.0007,1,209.12M,-0.01%
23-Apr-21,1.001,1.0002,1.0012,1.0002,296.91M,0.08%
24-Apr-21,1.0013,1.001,1.0013,1.001,73.67M,0.03%
25-Apr-21,1.0011,1.0013,1.0013,1.0009,61.83M,-0.02%
26-Apr-21,1.0007,1.0011,1.0012,1.0007,169.52M,-0.04%
27-Apr-21,1.0011,1.0007,1.0013,1.0007,132.67M,0.04%
28-Apr-21,1.001,1.0011,1.0012,1.001,130.64M,-0.01%
29-Apr-21,1.0005,1.0009,1.0009,1.0003,119.51M,-0.05%
30-Apr-21,1.0011,1.0005,1.0011,1.0005,94.63M,0.06%
1-May-21,1.001,1.0011,1.0011,1.0006,82.67M,-0.01%
2-May-21,1.0007,1.001,1.001,1.0007,37.02M,-0.03%
3-May-21,1.0009,1.0007,1.0009,1.0005,117.18M,0.02%
4-May-21,1.0005,1.0009,1.001,1.0005,234.52M,-0.04%
5-May-21,1.001,1.0004,1.001,1.0001,279.62M,0.05%
6-May-21,1.0007,1.001,1.0012,1.0007,236.44M,-0.03%
7-May-21,1.0009,1.0006,1.001,1.0003,183.66M,0.02%
8-May-21,1.0014,1.0009,1.0014,1.0009,140.24M,0.05%
9-May-21,1.001,1.0015,1.0015,1.0005,168.93M,-0.04%
10-May-21,1.0009,1.001,1.0014,1.0009,277.83M,-0.01%
11-May-21,1.0013,1.001,1.0015,1.0009,203.80M,0.04%
12-May-21,1,1.0014,1.0017,1,237.48M,-0.13%
13-May-21,1.0002,1,1.0011,1,264.01M,0.02%
14-May-21,1.0009,1.0002,1.0013,1.0002,277.13M,0.07%
15-May-21,1.0004,1.0009,1.0009,1.0004,107.42M,-0.05%
16-May-21,1.0006,1.0004,1.0006,1,132.01M,0.02%
17-May-21,1.0006,1.0006,1.0008,1.0005,270.92M,0.00%
18-May-21,1.0006,1.0005,1.001,1.0005,200.78M,0.00%
19-May-21,1.0021,1.0006,1.0021,1.0004,449.37M,0.15%
20-May-21,1.002,1.0021,1.0021,1.0012,394.03M,-0.01%
21-May-21,1.0017,1.002,1.002,1.0014,293.17M,-0.03%
22-May-21,1.0009,1.0016,1.0016,1.0008,103.53M,-0.08%
23-May-21,1.0015,1.0008,1.0015,1.0008,247.22M,0.06%
24-May-21,1.0013,1.0015,1.0015,1.0013,193.11M,-0.02%
25-May-21,1.0011,1.0013,1.0016,1.0011,234.88M,-0.02%
26-May-21,1.0014,1.0011,1.0014,1.0011,208.27M,0.03%
27-May-21,1.001,1.0015,1.0015,1.001,157.93M,-0.04%
28-May-21,1.0004,1.001,1.0013,1.0004,257.51M,-0.06%
29-May-21,1.0007,1.0004,1.0007,1.0004,122.05M,0.03%
30-May-21,1.0006,1.0007,1.0007,1.0006,123.81M,-0.01%
31-May-21,1.0002,1.0006,1.0009,1.0002,187.85M,-0.04%
1-Jun-21,0.9998,1.0003,1.0003,0.9998,179.48M,-0.04%
2-Jun-21,1,0.9998,1,0.9998,188.77M,0.02%
3-Jun-21,1.0002,1,1.0002,1,148.07M,0.02%
4-Jun-21,1.0005,1.0002,1.0006,1.0002,149.95M,0.03%
5-Jun-21,1.0004,1.0005,1.0005,1.0001,91.17M,-0.01%
6-Jun-21,1.0002,1.0004,1.0005,1.0002,49.98M,-0.02%
7-Jun-21,1.0003,1.0003,1.0006,1.0002,159.30M,0.01%
8-Jun-21,1.0008,1.0003,1.0008,1.0003,174.10M,0.05%
9-Jun-21,1.0005,1.0008,1.0009,1.0005,190.97M,-0.03%
10-Jun-21,1.0004,1.0005,1.0005,1.0004,125.37M,-0.01%
11-Jun-21,1,1.0004,1.0004,1,113.67M,-0.04%
12-Jun-21,1.0002,1,1.0003,1,72.51M,0.02%
13-Jun-21,1.0001,1.0002,1.0002,1.0001,89.38M,-0.01%
14-Jun-21,1.0004,1.0001,1.0004,1.0001,157.26M,0.03%
15-Jun-21,1,1.0004,1.0004,0.9999,116.37M,-0.04%
16-Jun-21,0.9998,1.0001,1.0001,0.9998,120.40M,-0.02%
17-Jun-21,1,0.9998,1,0.9998,92.81M,0.02%
18-Jun-21,1.0005,1,1.0005,1,136.30M,0.05%
19-Jun-21,1.0001,1.0005,1.0005,1.0001,64.82M,-0.04%
20-Jun-21,0.9998,1.0001,1.0001,0.9998,84.86M,-0.03%
21-Jun-21,0.9998,0.9998,1.0004,0.9998,211.55M,0.00%
22-Jun-21,1.0004,0.9998,1.0004,0.9998,274.43M,0.06%
23-Jun-21,1.0002,1.0004,1.0004,1.0002,164.33M,-0.02%
24-Jun-21,0.9999,1.0002,1.0002,0.9999,159.32M,-0.03%
25-Jun-21,1,0.9999,1,0.9998,289.77M,0.01%
26-Jun-21,1,1,1.0001,1,152.92M,0.00%
27-Jun-21,1.0002,1,1.0002,1,89.41M,0.02%
28-Jun-21,1.0002,1.0002,1.0002,1.0002,101.11M,0.00%
29-Jun-21,1.0001,1.0002,1.0002,1.0001,130.67M,-0.01%
30-Jun-21,1.0002,1.0001,1.0003,1.0001,207.49M,0.01%
1-Jul-21,1.0002,1.0002,1.0002,0.9999,97.17M,0.00%
2-Jul-21,1.0002,1.0001,1.0002,1,89.65M,0.00%
3-Jul-21,1.0002,1.0001,1.0002,1.0001,25.17M,0.00%
4-Jul-21,1.0001,1.0001,1.0001,1.0001,40.53M,-0.01%
5-Jul-21,1.0003,1.0001,1.0003,1.0001,99.13M,0.02%
6-Jul-21,1.0003,1.0002,1.002,1.0001,99.44M,0.00%
7-Jul-21,1.0003,1,1.0004,1,108.03M,0.00%
8-Jul-21,1,1.0003,1.0005,0.9997,254.08M,-0.03%
9-Jul-21,0.9999,1,1.0002,0.9995,214.72M,-0.01%
10-Jul-21,1,0.9999,1,0.9997,48.05M,0.01%
11-Jul-21,1,1,1.0001,0.9998,22.24M,0.00%
12-Jul-21,1,0.9999,1.0001,0.9997,85.20M,0.00%
13-Jul-21,1,1,1.0002,0.9997,87.92M,0.00%
14-Jul-21,1,1,1.0004,0.9999,116.12M,0.00%
15-Jul-21,0.9999,1,1.0003,0.9996,134.34M,-0.01%
16-Jul-21,1.0004,0.9999,1.0004,0.9999,97.27M,0.05%
17-Jul-21,1.0002,1.0003,1.0004,1.0001,56.35M,-0.02%
18-Jul-21,1.0002,1.0002,1.0004,1.0001,43.23M,0.00%
19-Jul-21,1,1.0002,1.0002,0.9996,184.79M,-0.02%
20-Jul-21,1.0001,1,1.0003,0.9998,179.29M,0.01%
21-Jul-21,1,1.0001,1.0003,0.9999,126.35M,-0.01%
22-Jul-21,1.0001,1,1.0003,0.9999,119.75M,0.01%
23-Jul-21,1.0003,1.0001,1.0004,1,80.75M,0.02%
24-Jul-21,1.0006,1.0003,1.0006,1.0002,14.00M,0.03%
25-Jul-21,1.0007,1.0007,1.0008,1.0004,22.65M,0.01%
26-Jul-21,1.0002,1.0007,1.0008,0.9997,191.53M,-0.05%
27-Jul-21,1.0003,1.0003,1.0006,1,121.87M,0.01%
28-Jul-21,1.0003,1.0002,1.0006,1.0001,118.42M,0.00%
29-Jul-21,1.0002,1.0003,1.0004,1.0001,64.56M,-0.01%
30-Jul-21,1.0005,1.0002,1.0006,1.0002,81.03M,0.03%
31-Jul-21,1.0007,1.0005,1.0008,1.0003,55.16M,0.02%
1-Aug-21,1.0003,1.0008,1.0008,1.0002,75.03M,-0.04%
2-Aug-21,1.0002,1.0003,1.0004,0.9999,159.42M,-0.01%
3-Aug-21,1,1.0002,1.0003,0.9998,106.86M,-0.02%
4-Aug-21,1,1,1.0001,0.9997,128.93M,0.00%
5-Aug-21,1.0004,1,1.0007,0.9996,186.10M,0.04%
6-Aug-21,1.0004,1.0004,1.0006,1.0001,114.24M,0.00%
7-Aug-21,1.0008,1.0004,1.001,1.0004,101.46M,0.04%
8-Aug-21,1.0006,1.0008,1.001,1.0004,147.18M,-0.02%
9-Aug-21,1.0002,1.0006,1.0008,0.9999,256.32M,-0.04%
10-Aug-21,1.0003,1.0002,1.0006,1,155.99M,0.01%
11-Aug-21,1.0005,1.0003,1.0007,1.0001,186.36M,0.02%
12-Aug-21,1.0004,1.0005,1.0007,1.0001,145.30M,-0.01%
13-Aug-21,1.0003,1.0004,1.0007,1.0001,140.17M,-0.01%
14-Aug-21,1.0007,1.0004,1.0009,1.0002,102.41M,0.04%
15-Aug-21,1.0008,1.0007,1.0009,1.0005,79.35M,0.01%
16-Aug-21,1.0003,1.0008,1.0008,1.0001,139.52M,-0.05%
17-Aug-21,1,1.0003,1.0004,0.9998,154.92M,-0.03%
18-Aug-21,1.0003,1,1.0004,0.9999,167.88M,0.03%
19-Aug-21,1,1.0003,1.0003,0.9998,126.53M,-0.03%
20-Aug-21,1.0005,1,1.0006,0.9999,165.03M,0.05%
21-Aug-21,1.0007,1.0005,1.001,1.0003,93.40M,0.02%
22-Aug-21,1.0007,1.0007,1.0009,1.0005,90.35M,0.00%
23-Aug-21,1.0003,1.0007,1.0009,1.0001,186.85M,-0.04%
24-Aug-21,1.0003,1.0003,1.0005,0.9999,181.42M,0.00%
25-Aug-21,1.0002,1.0002,1.0004,0.9999,166.13M,-0.01%
26-Aug-21,1.0003,1.0002,1.0004,1,136.00M,0.01%
27-Aug-21,1.0007,1.0003,1.0008,1,133.64M,0.04%
28-Aug-21,1.0007,1.0007,1.0007,1.0004,34.73M,0.00%
29-Aug-21,1.0007,1.0007,1.0008,1.0005,44.56M,0.00%
30-Aug-21,1.0003,1.0007,1.0008,1.0003,140.99M,-0.04%
31-Aug-21,1.0003,1.0003,1.0005,1.0001,180.01M,0.00%
1-Sep-21,1.0005,1.0003,1.0007,1.0001,153.51M,0.02%
2-Sep-21,1.0004,1.0005,1.0007,1.0002,97.19M,-0.01%
3-Sep-21,1.0003,1.0004,1.0005,1,118.86M,-0.01%
4-Sep-21,1.0005,1.0003,1.0006,1.0002,41.89M,0.02%
5-Sep-21,1.0005,1.0005,1.0007,1.0004,70.76M,0.00%
6-Sep-21,1.0005,1.0006,1.0007,1.0001,134.08M,0.00%
7-Sep-21,1.0004,1.0005,1.0017,0.9999,267.98M,-0.01%
8-Sep-21,1.0002,1.0004,1.0006,0.9999,197.14M,-0.02%
9-Sep-21,1.0001,1.0002,1.0005,0.9999,187.32M,-0.01%
10-Sep-21,1,1.0002,1.0002,0.9998,183.63M,-0.01%
11-Sep-21,1.0002,1,1.0002,0.9999,88.43M,0.02%
12-Sep-21,1.0001,1.0002,1.0003,1,55.01M,-0.01%
13-Sep-21,1.0004,1.0001,1.0004,0.9999,149.39M,0.03%
14-Sep-21,1.0002,1.0004,1.0004,1.0001,115.82M,-0.02%
15-Sep-21,1.0004,1.0002,1.0006,1.0001,137.98M,0.02%
16-Sep-21,1.0002,1.0004,1.0005,0.9999,119.56M,-0.02%
17-Sep-21,1.0001,1.0002,1.0004,0.9999,84.03M,-0.01%
18-Sep-21,1.0001,1.0001,1.0003,0.9999,29.07M,0.00%
19-Sep-21,1.0001,1.0001,1.0003,1.0001,23.11M,0.00%
20-Sep-21,0.9997,1.0001,1.0003,0.9996,206.83M,-0.04%
21-Sep-21,0.9999,0.9997,1.0001,0.9995,195.52M,0.02%
22-Sep-21,1.0004,0.9998,1.0006,0.9998,174.85M,0.05%
23-Sep-21,1.0005,1.0004,1.0007,1.0003,101.69M,0.01%
24-Sep-21,1.0007,1.0005,1.0009,1.0003,250.92M,0.02%
25-Sep-21,1.0005,1.0007,1.0008,1.0004,49.74M,-0.02%
26-Sep-21,1.0004,1.0005,1.0007,1.0003,44.18M,-0.01%
27-Sep-21,1.0003,1.0004,1.0005,1.0002,95.49M,-0.01%
28-Sep-21,1.0002,1.0003,1.0005,0.9996,122.05M,-0.01%
29-Sep-21,0.9999,1.0002,1.0002,0.9997,131.16M,-0.03%
30-Sep-21,1.0001,0.9999,1.0002,0.9998,99.22M,0.02%
1-Oct-21,1.0005,1.0002,1.0007,1,157.08M,0.04%
2-Oct-21,1.0004,1.0005,1.0006,1.0003,40.04M,-0.01%
3-Oct-21,1.0006,1.0004,1.0006,1.0003,34.08M,0.02%
4-Oct-21,1.0004,1.0006,1.0006,1.0001,161.05M,-0.02%
5-Oct-21,1.0005,1.0004,1.0006,1.0001,163.94M,0.01%
6-Oct-21,1.0004,1.0006,1.0006,1.0001,116.30M,-0.01%
7-Oct-21,1.0003,1.0004,1.0005,1.0001,139.63M,-0.01%
8-Oct-21,1.0002,1.0003,1.0004,1,189.90M,-0.01%
9-Oct-21,1.0002,1.0002,1.0003,1,46.51M,0.00%
10-Oct-21,1.0003,1.0002,1.0004,1.0001,45.10M,0.01%
11-Oct-21,1.0002,1.0003,1.0004,1.0001,105.05M,-0.01%
12-Oct-21,1,1.0002,1.0003,0.9998,126.51M,-0.02%
13-Oct-21,1.0001,0.9999,1.0002,0.9998,113.01M,0.01%
14-Oct-21,1.0001,1.0001,1.0003,0.9999,138.90M,0.00%
15-Oct-21,0.9998,1.0001,1.0003,0.9995,178.19M,-0.03%
16-Oct-21,1,0.9998,1.0001,0.9998,86.06M,0.02%
17-Oct-21,1,1,1.0002,0.9999,63.97M,0.00%
18-Oct-21,0.9999,1,1.0001,0.9995,214.18M,-0.01%
19-Oct-21,1.0001,0.9999,1.0003,0.9998,163.33M,0.02%
20-Oct-21,1.0002,1.0001,1.0003,1,190.22M,0.01%
21-Oct-21,1.0001,1.0002,1.0003,0.9997,197.40M,-0.01%
22-Oct-21,0.9998,1.0001,1.0002,0.9995,158.07M,-0.03%
23-Oct-21,1,0.9998,1.0001,0.9997,31.40M,0.02%
24-Oct-21,1,1,1.0001,0.9999,64.61M,0.00%
25-Oct-21,0.9999,1,1.0001,0.9997,184.39M,-0.01%
26-Oct-21,1.0001,1,1.0002,0.9998,125.85M,0.02%
27-Oct-21,1.0007,1.0002,1.0019,0.9999,287.17M,0.06%
28-Oct-21,1.0003,1.0007,1.0008,1.0003,176.14M,-0.04%
29-Oct-21,1.0001,1.0003,1.0004,0.9999,137.62M,-0.02%
30-Oct-21,1.0004,1.0001,1.0006,1,60.83M,0.03%
31-Oct-21,1.0007,1.0005,1.0008,1.0003,112.72M,0.03%
1-Nov-21,1.0006,1.0007,1.0009,1.0003,112.56M,-0.01%
2-Nov-21,1.0006,1.0007,1.0012,1.0005,103.71M,0.00%
3-Nov-21,1.0005,1.0006,1.0009,1.0004,165.03M,-0.01%
4-Nov-21,1.0006,1.0005,1.001,1.0004,169.25M,0.01%
5-Nov-21,1.001,1.0006,1.0011,1.0006,140.70M,0.04%
6-Nov-21,1.0009,1.0009,1.0013,1.0007,78.11M,-0.01%
7-Nov-21,1.0008,1.0009,1.001,1.0004,71.58M,-0.01%
8-Nov-21,1.0005,1.0008,1.0009,1.0003,212.31M,-0.03%
9-Nov-21,1.0001,1.0005,1.0007,1,139.87M,-0.04%
10-Nov-21,1.0004,1.0001,1.0007,0.9998,201.24M,0.03%
11-Nov-21,1.0004,1.0004,1.0006,1.0001,136.40M,0.00%
12-Nov-21,1.0002,1.0004,1.0005,0.9999,200.79M,-0.02%
13-Nov-21,1.0002,1.0002,1.0004,1,43.09M,0.00%
14-Nov-21,1.0002,1.0002,1.0003,1.0001,30.44M,0.00%
15-Nov-21,1.0001,1.0002,1.0005,0.9999,183.30M,-0.01%
16-Nov-21,1.0005,1.0001,1.0008,1,261.53M,0.04%
17-Nov-21,1.0004,1.0005,1.0019,1.0003,179.90M,-0.01%
18-Nov-21,1.0005,1.0004,1.0012,1.0003,198.34M,0.01%
19-Nov-21,1.0009,1.0005,1.0014,1.0003,182.19M,0.04%
20-Nov-21,1.0007,1.0009,1.0011,1.0007,65.99M,-0.02%
21-Nov-21,1.0009,1.0007,1.001,1.0006,58.52M,0.02%
22-Nov-21,1.0007,1.0009,1.001,1.0005,229.14M,-0.02%
23-Nov-21,1.0003,1.0007,1.0008,1,180.70M,-0.04%
24-Nov-21,1.0003,1.0003,1.0006,1.0001,150.53M,0.00%
25-Nov-21,1.0007,1.0003,1.0009,1.0002,140.97M,0.04%
26-Nov-21,1.0007,1.0007,1.0014,1.0005,164.97M,0.00%
27-Nov-21,1.0008,1.0007,1.0008,1.0005,51.56M,0.01%
28-Nov-21,1.0007,1.0008,1.0009,1.0005,40.04M,-0.01%
29-Nov-21,1.001,1.0007,1.0011,1.0005,159.10M,0.03%
30-Nov-21,1.0009,1.001,1.0011,1.0006,181.00M,-0.01%
1-Dec-21,1.0006,1.0009,1.001,1.0002,153.65M,-0.03%
2-Dec-21,1.0007,1.0006,1.0009,1.0006,126.31M,0.01%
3-Dec-21,1.0005,1.0007,1.001,1.0001,248.23M,-0.02%
4-Dec-21,1.0011,1.0005,1.0062,1.0004,299.04M,0.06%
5-Dec-21,1.0013,1.0011,1.0018,1.001,182.56M,0.02%
6-Dec-21,1.0011,1.0013,1.0014,1.0008,280.62M,-0.02%
7-Dec-21,1.0008,1.0011,1.0015,1.0007,230.78M,-0.03%
8-Dec-21,1.0009,1.0009,1.0012,1.0007,149.17M,0.01%
9-Dec-21,1.0004,1.0009,1.001,1.0003,104.45M,-0.05%
10-Dec-21,1.0005,1.0004,1.0007,1,160.99M,0.01%
11-Dec-21,1.0006,1.0005,1.0007,1.0003,45.90M,0.01%
12-Dec-21,1.0006,1.0006,1.0008,1.0005,33.53M,0.00%
13-Dec-21,1.0004,1.0006,1.0008,1,141.34M,-0.02%
14-Dec-21,1.0003,1.0004,1.0006,1.0001,120.28M,-0.01%
15-Dec-21,1.0005,1.0003,1.0006,1,120.76M,0.02%
16-Dec-21,1.0002,1.0005,1.0005,0.9999,183.27M,-0.03%
17-Dec-21,1.0003,1.0002,1.0005,1,140.80M,0.01%
18-Dec-21,1.0004,1.0003,1.0006,1.0002,54.70M,0.01%
19-Dec-21,1.0004,1.0004,1.0006,1.0003,33.90M,0.00%
20-Dec-21,1.0001,1.0004,1.0026,1,114.02M,-0.03%
21-Dec-21,1.0002,1.0001,1.0005,1.0001,124.85M,0.01%
22-Dec-21,1.0003,1.0003,1.0006,1.0002,122.23M,0.01%
23-Dec-21,1.0003,1.0003,1.0005,1,219.01M,0.00%
24-Dec-21,1.0005,1.0003,1.0007,1.0003,86.10M,0.02%
25-Dec-21,1.0005,1.0005,1.0007,1.0004,34.94M,0.00%
26-Dec-21,1.0005,1.0005,1.0006,1.0004,31.88M,0.00%
27-Dec-21,1.0003,1.0005,1.0007,1.0002,132.09M,-0.02%
28-Dec-21,1,1.0003,1.0005,1,175.01M,-0.03%
29-Dec-21,1.0001,1.0002,1.0003,0.9998,227.44M,0.01%
30-Dec-21,1,1.0001,1.0003,0.9995,347.09M,-0.01%
31-Dec-21,1,1,1.0002,0.9997,120.06M,0.00%
1-Jan-22,1.0003,0.9999,1.0003,0.9998,50.87M,0.03%
2-Jan-22,1.0002,1.0002,1.0003,1,49.64M,-0.01%
3-Jan-22,1,1.0002,1.0003,0.9999,97.08M,-0.02%
4-Jan-22,0.9999,1,1.0002,0.9997,118.60M,-0.01%
5-Jan-22,0.9999,0.9999,1.0001,0.9996,125.70M,0.00%
6-Jan-22,0.9999,0.9999,1,0.9996,140.26M,0.00%
7-Jan-22,0.9998,0.9999,1,0.9996,188.89M,-0.01%
8-Jan-22,1.0001,0.9998,1.0002,0.9998,50.92M,0.03%
9-Jan-22,1,1.0001,1.0002,0.9999,38.50M,-0.01%
10-Jan-22,1,1,1.0002,0.9998,140.23M,0.00%
11-Jan-22,1.0003,1.0001,1.0004,0.9999,139.84M,0.03%
12-Jan-22,1.0003,1.0003,1.0006,1.0001,145.61M,0.00%
13-Jan-22,1.0003,1.0004,1.0005,1.0002,136.83M,0.00%
14-Jan-22,1.0004,1.0003,1.0005,1.0002,93.01M,0.01%
15-Jan-22,1.0003,1.0004,1.0005,1.0003,42.21M,-0.01%
16-Jan-22,1.0003,1.0003,1.0006,1.0003,53.69M,0.00%
17-Jan-22,1.0003,1.0004,1.0004,1.0002,81.21M,0.00%
18-Jan-22,1.0002,1.0003,1.0005,1.0001,136.74M,-0.01%
19-Jan-22,1.0003,1.0002,1.0005,1.0002,150.23M,0.01%
20-Jan-22,1.0001,1.0002,1.0004,1,117.93M,-0.02%
21-Jan-22,1.0003,1.0001,1.0003,0.9999,202.83M,0.02%
22-Jan-22,1.0001,1.0003,1.0004,1,93.92M,-0.02%
23-Jan-22,1.0003,1.0001,1.0004,1.0001,36.47M,0.02%
24-Jan-22,1.0004,1.0002,1.0007,1,178.12M,0.01%
25-Jan-22,1.0007,1.0004,1.0008,1.0002,156.56M,0.03%
26-Jan-22,1.0006,1.0007,1.0008,1.0003,173.51M,-0.01%
27-Jan-22,1.0001,1.0006,1.0007,1.0001,212.21M,-0.05%
28-Jan-22,1.0003,1.0001,1.0004,1.0001,140.87M,0.02%
29-Jan-22,1.0003,1.0003,1.0005,1.0003,51.65M,0.00%
30-Jan-22,1.0004,1.0002,1.0005,1.0002,28.63M,0.01%
31-Jan-22,1.0005,1.0004,1.0007,1.0002,141.39M,0.01%
1-Feb-22,1.0006,1.0005,1.0007,1.0003,77.31M,0.01%
2-Feb-22,1.0005,1.0006,1.0006,1.0003,97.05M,-0.01%
3-Feb-22,1.0004,1.0005,1.0006,1.0003,125.65M,-0.01%
4-Feb-22,1.0008,1.0004,1.0009,1.0004,116.37M,0.04%
5-Feb-22,1.0006,1.0008,1.0009,1.0005,34.26M,-0.02%
6-Feb-22,1.0006,1.0006,1.0007,1.0005,20.42M,0.00%
7-Feb-22,1.0007,1.0007,1.001,1.0005,142.95M,0.01%
8-Feb-22,1.001,1.0007,1.0011,1.0005,121.40M,0.03%
9-Feb-22,1.0009,1.0009,1.0011,1.0007,104.77M,-0.01%
10-Feb-22,1.0007,1.0009,1.001,1.0005,138.08M,-0.02%
11-Feb-22,1.0005,1.0007,1.0009,1.0004,186.91M,-0.02%
12-Feb-22,1.0005,1.0005,1.0006,1.0004,46.24M,0.00%
13-Feb-22,1.0005,1.0005,1.0006,1.0004,39.08M,0.00%
14-Feb-22,1.0005,1.0004,1.0006,1.0003,108.49M,0.00%
15-Feb-22,1.0006,1.0004,1.0009,1.0004,109.65M,0.01%
16-Feb-22,1.0006,1.0007,1.0008,1.0005,111.93M,0.00%
17-Feb-22,1.0006,1.0006,1.0007,1.0004,134.65M,0.00%
18-Feb-22,1.0004,1.0006,1.0007,1.0003,124.76M,-0.02%
19-Feb-22,1.0004,1.0004,1.0006,1.0003,38.48M,0.00%
20-Feb-22,1.0004,1.0004,1.0005,1.0002,49.62M,0.00%
21-Feb-22,1.0003,1.0004,1.0006,1.0003,121.03M,-0.01%
22-Feb-22,1.0005,1.0003,1.0007,1.0002,168.36M,0.02%
23-Feb-22,1.0005,1.0005,1.0007,1.0004,115.86M,0.00%
24-Feb-22,1.0005,1.0005,1.0007,1,201.99M,0.00%
25-Feb-22,1.0006,1.0005,1.0007,1.0003,175.46M,0.01%
26-Feb-22,1.0006,1.0006,1.0007,1.0004,41.44M,0.00%
27-Feb-22,1.0005,1.0006,1.0006,1.0002,102.26M,-0.01%
28-Feb-22,1.0003,1.0005,1.0006,1.0001,179.96M,-0.02%
1-Mar-22,1.0004,1.0003,1.0006,1.0001,233.94M,0.01%
2-Mar-22,1.0004,1.0004,1.0005,1.0002,188.39M,0.00%
3-Mar-22,1.0001,1.0004,1.0005,0.9999,160.14M,-0.03%
4-Mar-22,1.0002,1.0001,1.0003,0.9999,135.96M,0.01%
5-Mar-22,1.0002,1.0002,1.0003,1.0001,53.27M,0.00%
6-Mar-22,1.0002,1.0002,1.0003,1.0001,58.57M,0.00%
7-Mar-22,1.0001,1.0002,1.0003,1,155.05M,-0.01%
8-Mar-22,1.0001,1.0001,1.0003,1,149.45M,0.00%
9-Mar-22,1.0003,1.0001,1.0004,1,139.47M,0.02%
10-Mar-22,1.0004,1.0003,1.0005,1.0002,140.16M,0.01%
11-Mar-22,1.0001,1.0003,1.0006,1.0001,97.72M,-0.03%
12-Mar-22,1.0001,1.0001,1.0003,1,17.23M,0.00%
13-Mar-22,1.0002,1,1.0004,1,22.25M,0.01%
14-Mar-22,1.0001,1.0002,1.0003,1,85.07M,-0.01%
15-Mar-22,1.0004,1.0001,1.0004,1,80.87M,0.03%
16-Mar-22,1.0003,1.0004,1.0006,1.0001,111.29M,-0.01%
17-Mar-22,1.0005,1.0003,1.0006,1.0003,109.11M,0.02%
18-Mar-22,1.0005,1.0004,1.0008,1.0004,141.69M,0.00%
19-Mar-22,1.0005,1.0005,1.0007,1.0004,89.98M,0.00%
20-Mar-22,1.0005,1.0005,1.0007,1.0004,72.56M,0.00%
21-Mar-22,1.0004,1.0005,1.0006,1.0003,102.17M,-0.01%
22-Mar-22,1.0005,1.0004,1.0006,1.0003,170.00M,0.01%
23-Mar-22,1.0004,1.0004,1.0005,1.0002,107.92M,-0.01%
24-Mar-22,1.0005,1.0004,1.0007,1.0001,158.22M,0.01%
25-Mar-22,1.0004,1.0005,1.0007,1.0003,104.91M,-0.01%
26-Mar-22,1.0005,1.0004,1.0006,1.0003,41.20M,0.01%
27-Mar-22,1.0004,1.0005,1.0006,1.0003,62.10M,-0.01%
28-Mar-22,1.0005,1.0004,1.0006,1.0002,272.92M,0.01%
29-Mar-22,1.0004,1.0005,1.0006,1.0003,269.51M,-0.01%
30-Mar-22,1.0003,1.0004,1.0005,0.9998,153.50M,-0.01%
31-Mar-22,1.0003,1.0003,1.0005,1.0002,136.75M,0.00%
